season,offense,team_off_snaps
2020,ALAM,355
2021,ALAM,906
2022,ALAM,942
2023,ALAM,918
2024,ALAM,1078
2020,ALAU,902
2021,ALAU,1087
2022,ALAU,979
2023,ALAU,1010
2024,ALAU,930
2020,ALBI,741
2021,ALBI,984
2022,ALBI,1016
2023,ALBI,1031
2024,ALBI,1014
2022,ALFA,86
2020,ALJA,1023
2021,ALJA,879
2022,ALJA,888
2023,ALJA,1194
2024,ALJA,1174
2023,ALLI,83
2021,ALMI,153
2022,ALMI,93
2023,ALMI,177
2024,ALMI,74
2020,ALNO,298
2021,ALNO,870
2022,ALNO,919
2023,ALNO,993
2024,ALNO,974
2020,ALSM,670
2021,ALSM,1014
2022,ALSM,1181
2023,ALSM,986
2024,ALSM,962
2020,ALSO,917
2021,ALSO,1013
2022,ALSO,1136
2023,ALSO,1068
2024,ALSO,1036
2020,ALST,472
2021,ALST,870
2022,ALST,806
2023,ALST,752
2024,ALST,843
2020,ALTR,950
2021,ALTR,955
2022,ALTR,1075
2023,ALTR,1130
2024,ALTR,944
2021,ALTU,152
2022,ALTU,79
2023,ALTU,133
2024,ALTU,167
2020,ALUN,1088
2021,ALUN,1333
2022,ALUN,1083
2023,ALUN,1092
2024,ALUN,1018
2023,ARBP,93
2024,ARBP,70
2020,ARCE,777
2021,ARCE,925
2022,ARCE,897
2023,ARCE,907
2024,ARCE,967
2020,ARPB,478
2021,ARPB,875
2022,ARPB,916
2023,ARPB,892
2024,ARPB,907
2020,ARST,1033
2021,ARST,1085
2022,ARST,971
2023,ARST,1032
2024,ARST,1125
2020,ARUN,847
2021,ARUN,1096
2022,ARUN,1170
2023,ARUN,980
2024,ARUN,1089
2020,AZNO,425
2021,AZNO,981
2022,AZNO,993
2023,AZNO,886
2024,AZNO,979
2020,AZST,307
2021,AZST,975
2022,AZST,963
2023,AZST,982
2024,AZST,1159
2020,AZUN,452
2021,AZUN,1049
2022,AZUN,988
2023,AZUN,1033
2024,AZUN,940
2020,CADA,443
2021,CADA,1083
2022,CADA,953
2023,CADA,930
2024,CADA,1224
2020,CAFR,556
2021,CAFR,1145
2022,CAFR,1136
2023,CAFR,1069
2024,CAFR,999
2020,CALA,620
2021,CALA,1031
2022,CALA,1122
2023,CALA,1106
2024,CALA,890
2021,CALI,82
2022,CALI,406
2023,CALI,607
2024,CALI,208
2022,CALV,80
2021,CASA,1042
2022,CASA,1208
2023,CASA,1088
2024,CASA,1043
2020,CASC,536
2021,CASC,1078
2022,CASC,1196
2023,CASC,1029
2024,CASC,1081
2020,CASJ,630
2021,CASJ,934
2022,CASJ,940
2023,CASJ,984
2024,CASJ,1064
2020,CASL,273
2021,CASL,964
2022,CASL,974
2023,CASL,927
2024,CASL,859
2020,CASS,669
2021,CASS,1146
2022,CASS,996
2023,CASS,941
2024,CASS,971
2020,CAST,507
2021,CAST,870
2022,CAST,1001
2023,CAST,1018
2024,CAST,977
2020,CASU,479
2021,CASU,905
2022,CASU,764
2023,CASU,873
2024,CASU,848
2020,CAUN,346
2021,CAUN,939
2022,CAUN,963
2023,CAUN,1126
2024,CAUN,1092
2021,CNSF,80
2020,COAF,435
2021,COAF,1103
2022,COAF,1034
2023,COAF,980
2024,COAF,952
2020,COFL,94
2021,COFL,173
2023,COME,69
2021,CONO,888
2022,CONO,943
2023,CONO,851
2024,CONO,947
2020,COST,347
2021,COST,1102
2022,COST,865
2023,COST,1012
2024,COST,1033
2020,COUN,558
2021,COUN,878
2022,COUN,934
2023,COUN,1026
2024,COUN,1012
2020,COWE,76
2021,CTCE,939
2022,CTCE,868
2023,CTCE,852
2024,CTCE,1062
2022,CTPO,88
2023,CTPO,72
2020,CTSH,404
2021,CTSH,926
2022,CTSH,971
2023,CTSH,906
2024,CTSH,805
2021,CTSO,67
2022,CTSO,69
2021,CTUN,987
2022,CTUN,987
2023,CTUN,950
2024,CTUN,1115
2021,CTYA,838
2022,CTYA,812
2023,CTYA,803
2024,CTYA,842
2021,DCGT,820
2022,DCGT,926
2023,DCGT,909
2024,DCGT,869
2020,DCHO,156
2021,DCHO,815
2022,DCHO,895
2023,DCHO,947
2024,DCHO,949
2020,DEST,381
2021,DEST,874
2022,DEST,818
2023,DEST,792
2024,DEST,899
2020,DEUN,658
2021,DEUN,859
2022,DEUN,1095
2023,DEUN,1063
2024,DEUN,923
2021,FLAM,991
2022,FLAM,911
2023,FLAM,980
2024,FLAM,909
2020,FLAT,710
2021,FLAT,1008
2022,FLAT,1054
2023,FLAT,952
2024,FLAT,986
2021,FLAV,82
2024,FLAV,134
2021,FLBC,823
2022,FLBC,875
2023,FLBC,875
2024,FLBC,941
2020,FLCE,1028
2021,FLCE,1075
2022,FLCE,1260
2023,FLCE,1076
2024,FLCE,995
2020,FLEW,68
2022,FLEW,56
2024,FLEW,72
2021,FLFL,83
2022,FLFM,86
2023,FLFM,97
2020,FLIN,388
2021,FLIN,956
2022,FLIN,1013
2023,FLIN,951
2024,FLIN,905
2022,FLKE,93
2020,FLMI,973
2021,FLMI,1072
2022,FLMI,992
2023,FLMI,1057
2024,FLMI,1099
2022,FLSA,78
2023,FLSA,95
2020,FLSO,794
2021,FLSO,1022
2022,FLSO,950
2023,FLSO,1229
2024,FLSO,1149
2020,FLSS,310
2021,FLSS,892
2022,FLSS,822
2023,FLSS,894
2024,FLSS,948
2020,FLST,783
2021,FLST,962
2022,FLST,1074
2023,FLST,1104
2024,FLST,887
2020,FLUN,1021
2021,FLUN,1101
2022,FLUN,1013
2023,FLUN,983
2024,FLUN,990
2023,FLWE,72
2021,FLWR,67
2022,FLWR,82
2024,FLWR,79
2021,FLWS,72
2023,FLWS,167
2022,GAAL,74
2024,GACL,98
2021,GAFV,75
2024,GAFV,80
2020,GAKS,375
2021,GAKS,1048
2022,GAKS,1004
2023,GAKS,656
2024,GAKS,932
2020,GAME,903
2021,GAME,808
2022,GAME,907
2023,GAME,1013
2024,GAME,1136
2022,GAMH,73
2023,GAMH,81
2024,GAMH,69
2021,GAPT,151
2024,GAPT,76
2021,GARE,57
2023,GASA,74
2024,GASA,56
2020,GASH,83
2023,GASH,178
2024,GASH,84
2020,GASO,993
2021,GASO,994
2022,GASO,1187
2023,GASO,1149
2024,GASO,1081
2020,GAST,916
2021,GAST,1091
2022,GAST,1060
2023,GAST,1073
2024,GAST,993
2020,GATC,847
2021,GATC,978
2022,GATC,993
2023,GATC,1062
2024,GATC,1083
2020,GAUN,820
2021,GAUN,1145
2022,GAUN,1248
2023,GAUN,1140
2024,GAUN,1125
2023,GAVA,86
2023,GAWG,746
2024,GAWG,919
2020,HIUN,780
2021,HIUN,1097
2022,HIUN,1096
2023,HIUN,1050
2024,HIUN,980
2020,IADR,347
2021,IADR,751
2022,IADR,906
2023,IADR,953
2024,IADR,871
2020,IANO,529
2021,IANO,953
2022,IANO,863
2023,IANO,858
2024,IANO,850
2023,IANW,82
2020,IAST,998
2021,IAST,1040
2022,IAST,1031
2023,IAST,950
2024,IAST,1187
2020,IAUN,657
2021,IAUN,1120
2022,IAUN,949
2023,IAUN,1030
2024,IAUN,945
2024,IAUP,88
2020,IDBO,569
2021,IDBO,1041
2022,IDBO,1136
2023,IDBO,1135
2024,IDBO,1166
2020,IDST,546
2021,IDST,927
2022,IDST,904
2023,IDST,958
2024,IDST,1050
2020,IDUN,540
2021,IDUN,874
2022,IDUN,980
2023,IDUN,1029
2024,IDUN,1025
2020,ILEA,499
2021,ILEA,888
2022,ILEA,859
2023,ILEA,924
2024,ILEA,943
2022,ILMK,100
2024,ILMK,95
2020,ILNO,542
2021,ILNO,1218
2022,ILNO,986
2023,ILNO,995
2024,ILNO,1093
2020,ILNW,801
2021,ILNW,986
2022,ILNW,1040
2023,ILNW,1038
2024,ILNW,913
2024,ILQU,33
2024,ILRU,72
2020,ILSO,845
2021,ILSO,1110
2022,ILSO,938
2023,ILSO,989
2024,ILSO,979
2020,ILST,341
2021,ILST,781
2022,ILST,845
2023,ILST,916
2024,ILST,1192
2020,ILUN,646
2021,ILUN,965
2022,ILUN,1109
2023,ILUN,980
2024,ILUN,973
2020,ILWE,510
2021,ILWE,946
2022,ILWE,849
2023,ILWE,860
2024,ILWE,1033
2020,INBS,737
2021,INBS,1084
2022,INBS,1081
2023,INBS,942
2024,INBS,1005
2020,INBU,455
2021,INBU,865
2022,INBU,891
2023,INBU,847
2024,INBU,905
2021,INDE,61
2024,INHA,69
2020,INND,1040
2021,INND,1098
2022,INND,1048
2023,INND,984
2024,INND,1223
2020,INPU,504
2021,INPU,1151
2022,INPU,1250
2023,INPU,1039
2024,INPU,861
2021,INST,848
2022,INST,849
2023,INST,796
2024,INST,936
2021,INTA,79
2022,INTA,77
2023,INTA,159
2020,INUN,679
2021,INUN,1003
2022,INUN,1081
2023,INUN,971
2024,INUN,1018
2020,INVA,461
2021,INVA,858
2022,INVA,941
2023,INVA,791
2024,INVA,748
2023,INWA,75
2021,INWS,77
2022,INWS,79
2023,INWS,76
2024,INWS,82
2020,KSPS,73
2020,KSST,761
2021,KSST,910
2022,KSST,1164
2023,KSST,1147
2024,KSST,1023
2020,KSUN,801
2021,KSUN,937
2022,KSUN,1016
2023,KSUN,985
2024,KSUN,924
2022,KYCH,93
2024,KYCH,62
2020,KYEA,728
2021,KYEA,906
2022,KYEA,1015
2023,KYEA,935
2024,KYEA,1020
2024,KYGT,77
2020,KYLO,889
2021,KYLO,1065
2022,KYLO,1057
2023,KYLO,1133
2024,KYLO,1040
2020,KYMO,536
2021,KYMO,1002
2022,KYMO,973
2023,KYMO,854
2024,KYMO,821
2020,KYMU,544
2021,KYMU,891
2022,KYMU,899
2023,KYMU,817
2024,KYMU,956
2021,KYST,56
2022,KYST,60
2024,KYST,67
2022,KYTM,74
2020,KYUN,827
2021,KYUN,1030
2022,KYUN,972
2023,KYUN,900
2024,KYUN,900
2020,KYWE,918
2021,KYWE,1264
2022,KYWE,1237
2023,KYWE,1084
2024,KYWE,1096
2020,LAGR,340
2021,LAGR,845
2022,LAGR,837
2023,LAGR,900
2024,LAGR,936
2021,LALC,79
2022,LALC,89
2024,LALC,116
2020,LAMC,610
2021,LAMC,942
2022,LAMC,834
2023,LAMC,753
2024,LAMC,975
2020,LANE,787
2021,LANE,1047
2022,LANE,938
2023,LANE,945
2024,LANE,877
2020,LANI,667
2021,LANI,975
2022,LANI,958
2023,LANI,899
2024,LANI,1034
2020,LANW,538
2021,LANW,983
2022,LANW,1045
2023,LANW,536
2024,LANW,891
2020,LASE,663
2021,LASE,1217
2022,LASE,1127
2023,LASE,892
2024,LASE,998
2020,LASO,418
2021,LASO,897
2022,LASO,946
2023,LASO,807
2024,LASO,1083
2020,LAST,966
2021,LAST,1076
2022,LAST,1187
2023,LAST,1033
2024,LAST,1077
2020,LASW,886
2021,LASW,1158
2022,LASW,1078
2023,LASW,1031
2024,LASW,1082
2020,LATC,871
2021,LATC,1019
2022,LATC,1027
2023,LATC,984
2024,LATC,1076
2020,LATU,1016
2021,LATU,1002
2022,LATU,1131
2023,LATU,1078
2024,LATU,1083
2023,MAAI,78
2022,MAAS,85
2020,MABC,912
2021,MABC,938
2022,MABC,993
2023,MABC,1082
2024,MABC,1028
2021,MAHA,830
2022,MAHA,809
2023,MAHA,775
2024,MAHA,809
2020,MAHC,289
2021,MAHC,1080
2022,MAHC,1053
2023,MAHC,853
2024,MAHC,919
2020,MAMK,224
2021,MAMK,862
2022,MAMK,864
2023,MAMK,845
2024,MAMK,795
2022,MAST,735
2023,MAST,861
2024,MAST,816
2020,MAUN,281
2021,MAUN,938
2022,MAUN,981
2023,MAUN,926
2024,MAUN,995
2021,MDBO,71
2023,MDBO,79
2024,MDFR,77
2021,MDMO,808
2022,MDMO,828
2023,MDMO,770
2024,MDMO,906
2020,MDNA,753
2021,MDNA,955
2022,MDNA,996
2023,MDNA,917
2024,MDNA,951
2021,MDTO,891
2022,MDTO,876
2023,MDTO,863
2024,MDTO,914
2020,MDUN,387
2021,MDUN,1133
2022,MDUN,1108
2023,MDUN,1038
2024,MDUN,1036
2020,MEUN,324
2021,MEUN,878
2022,MEUN,902
2023,MEUN,878
2024,MEUN,887
2020,MICE,527
2021,MICE,1170
2022,MICE,995
2023,MICE,962
2024,MICE,924
2022,MICO,77
2020,MIEA,508
2021,MIEA,1107
2022,MIEA,1087
2023,MIEA,971
2024,MIEA,1062
2023,MIFE,152
2020,MIST,599
2021,MIST,1076
2022,MIST,934
2023,MIST,927
2024,MIST,901
2021,MITC,72
2022,MITC,78
2020,MIUN,482
2021,MIUN,1153
2022,MIUN,1169
2023,MIUN,1112
2024,MIUN,959
2020,MIWE,494
2021,MIWE,1152
2022,MIWE,977
2023,MIWE,1055
2024,MIWE,1001
2021,MNST,805
2022,MNST,853
2023,MNST,793
2024,MNST,926
2023,MNSW,71
2020,MNUN,579
2021,MNUN,1022
2022,MNUN,1023
2023,MNUN,1005
2024,MNUN,985
2020,MOLN,83
2021,MOLW,66
2022,MOLW,900
2023,MOLW,801
2024,MOLW,955
2022,MORO,78
2022,MOSB,73
2023,MOSB,89
2020,MOSE,646
2021,MOSE,908
2022,MOSE,1015
2023,MOSE,927
2024,MOSE,1156
2020,MOSW,813
2021,MOSW,1033
2022,MOSW,854
2023,MOSW,840
2024,MOSW,942
2020,MOUN,864
2021,MOUN,1120
2022,MOUN,1078
2023,MOUN,1062
2024,MOUN,1099
2020,MOWE,78
2022,MOWJ,103
2021,MSAL,914
2022,MSAL,918
2023,MSAL,831
2024,MSAL,981
2020,MSCO,80
2022,MSCO,76
2023,MSCO,84
2021,MSDE,81
2022,MSDE,86
2023,MSDE,193
2020,MSJA,523
2021,MSJA,994
2022,MSJA,1119
2023,MSJA,927
2024,MSJA,1067
2020,MSSO,790
2021,MSSO,937
2022,MSSO,1020
2023,MSSO,1039
2024,MSSO,909
2020,MSST,923
2021,MSST,1158
2022,MSST,1114
2023,MSST,926
2024,MSST,964
2020,MSUN,954
2021,MSUN,1199
2022,MSUN,1176
2023,MSUN,1112
2024,MSUN,1106
2020,MSVA,245
2021,MSVA,880
2022,MSVA,858
2023,MSVA,862
2024,MSVA,962
2021,MTST,1187
2022,MTST,1199
2023,MTST,891
2024,MTST,1262
2020,MTUN,184
2021,MTUN,1094
2022,MTUN,1107
2023,MTUN,1247
2024,MTUN,1159
2021,NCAN,90
2022,NCAN,75
2023,NCAN,61
2020,NCAP,1006
2021,NCAP,1177
2022,NCAP,1003
2023,NCAP,1206
2024,NCAP,937
2021,NCAT,829
2022,NCAT,882
2023,NCAT,744
2024,NCAT,941
2022,NCBA,73
2023,NCBA,79
2024,NCCA,76
2021,NCCE,853
2022,NCCE,944
2023,NCCE,929
2024,NCCE,780
2023,NCCH,71
2020,NCCM,325
2021,NCCM,897
2022,NCCM,959
2023,NCCM,902
2024,NCCM,925
2020,NCCR,508
2021,NCCR,995
2022,NCCR,977
2023,NCCR,964
2024,NCCR,924
2020,NCDA,604
2021,NCDA,918
2022,NCDA,1002
2023,NCDA,931
2024,NCDA,973
2020,NCDU,1008
2021,NCDU,1139
2022,NCDU,1063
2023,NCDU,976
2024,NCDU,1050
2020,NCEA,809
2021,NCEA,1077
2022,NCEA,1091
2023,NCEA,944
2024,NCEA,1088
2021,NCEC,81
2020,NCEL,429
2021,NCEL,896
2022,NCEL,950
2023,NCEL,839
2024,NCEL,920
2020,NCGW,338
2021,NCGW,904
2022,NCGW,1158
2023,NCGW,1069
2024,NCGW,998
2022,NCMH,90
2021,NCSH,75
2020,NCST,1022
2021,NCST,1000
2022,NCST,1098
2023,NCST,1048
2024,NCST,1008
2020,NCUN,1036
2021,NCUN,1099
2022,NCUN,1240
2023,NCUN,1148
2024,NCUN,1086
2020,NCWE,675
2021,NCWE,1041
2022,NCWE,971
2023,NCWE,922
2024,NCWE,1141
2020,NCWF,842
2021,NCWF,1305
2022,NCWF,1177
2023,NCWF,958
2024,NCWF,1035
2021,NCWS,70
2022,NCWS,57
2023,NCWS,74
2024,NCWS,73
2020,NDST,741
2021,NDST,1117
2022,NDST,1106
2023,NDST,1132
2024,NDST,1248
2020,NDUN,546
2021,NDUN,899
2022,NDUN,953
2023,NDUN,873
2024,NDUN,957
2022,NECH,95
2020,NEUN,680
2021,NEUN,997
2022,NEUN,947
2023,NEUN,887
2024,NEUN,1043
2021,NHDA,754
2022,NHDA,728
2023,NHDA,812
2024,NHDA,805
2024,NHFP,100
2021,NHSA,89
2024,NHSA,60
2020,NHUN,71
2021,NHUN,806
2022,NHUN,1050
2023,NHUN,954
2024,NHUN,1000
2020,NJMO,353
2021,NJMO,951
2022,NJMO,883
2023,NJMO,889
2024,NJMO,982
2021,NJPR,862
2022,NJPR,786
2023,NJPR,816
2024,NJPR,761
2020,NJRU,795
2021,NJRU,1079
2022,NJRU,949
2023,NJRU,979
2024,NJRU,1089
2022,NMEA,85
2021,NMHI,111
2020,NMST,177
2021,NMST,1100
2022,NMST,944
2023,NMST,1121
2024,NMST,1009
2020,NMUN,620
2021,NMUN,907
2022,NMUN,879
2023,NMUN,976
2024,NMUN,1034
2022,NMWE,75
2020,NVLV,517
2021,NVLV,908
2022,NVLV,950
2023,NVLV,1159
2024,NVLV,1143
2020,NVRE,740
2021,NVRE,1113
2022,NVRE,1017
2023,NVRE,970
2024,NVRE,998
2020,NYAB,339
2021,NYAB,841
2022,NYAB,900
2023,NYAB,1169
2024,NYAB,968
2024,NYBC,73
2020,NYBU,561
2021,NYBU,1079
2022,NYBU,1196
2023,NYBU,997
2024,NYBU,1074
2020,NYCG,161
2021,NYCG,847
2022,NYCG,874
2023,NYCG,915
2024,NYCG,936
2021,NYCL,846
2022,NYCL,828
2023,NYCL,778
2024,NYCL,774
2021,NYCN,821
2022,NYCN,818
2023,NYCN,852
2024,NYCN,842
2020,NYCW,311
2021,NYCW,756
2022,NYCW,911
2023,NYCW,760
2024,NYCW,868
2020,NYFO,270
2021,NYFO,913
2022,NYFO,1147
2023,NYFO,932
2024,NYFO,970
2021,NYMR,707
2022,NYMR,874
2023,NYMR,882
2024,NYMR,895
2020,NYST,302
2021,NYST,895
2022,NYST,856
2023,NYST,770
2024,NYST,1094
2020,NYSY,837
2021,NYSY,965
2022,NYSY,998
2023,NYSY,1032
2024,NYSY,1185
2020,NYWA,125
2021,NYWA,887
2022,NYWA,870
2023,NYWA,855
2024,NYWA,891
2020,NYWP,930
2021,NYWP,1034
2022,NYWP,907
2023,NYWP,878
2024,NYWP,1028
2020,OHAK,456
2021,OHAK,963
2022,OHAK,1067
2023,OHAK,935
2024,OHAK,943
2020,OHBG,390
2021,OHBG,966
2022,OHBG,1050
2023,OHBG,961
2024,OHBG,1025
2023,OHCE,179
2024,OHCE,73
2020,OHCI,815
2021,OHCI,1054
2022,OHCI,1031
2023,OHCI,1040
2024,OHCI,984
2021,OHDA,823
2022,OHDA,879
2023,OHDA,910
2024,OHDA,874
2020,OHKS,396
2021,OHKS,1285
2022,OHKS,1045
2023,OHKS,930
2024,OHKS,898
2020,OHMI,230
2021,OHMI,1055
2022,OHMI,1011
2023,OHMI,975
2024,OHMI,999
2020,OHST,695
2021,OHST,1105
2022,OHST,1080
2023,OHST,992
2024,OHST,1180
2020,OHTO,545
2021,OHTO,1067
2022,OHTO,1235
2023,OHTO,1090
2024,OHTO,1074
2020,OHUN,217
2021,OHUN,923
2022,OHUN,1172
2023,OHUN,1028
2024,OHUN,1103
2020,OHYO,525
2021,OHYO,821
2022,OHYO,873
2023,OHYO,1062
2024,OHYO,1002
2020,OKEC,103
2020,OKNE,70
2020,OKST,1027
2021,OKST,1275
2022,OKST,1227
2023,OKST,1241
2024,OKST,993
2020,OKTU,788
2021,OKTU,1152
2022,OKTU,1045
2023,OKTU,1047
2024,OKTU,1099
2020,OKUN,952
2021,OKUN,1042
2022,OKUN,1197
2023,OKUN,1175
2024,OKUN,1071
2021,ORCL,76
2022,ORCL,78
2023,ORCL,69
2024,ORCL,169
2020,ORPS,78
2021,ORPS,937
2022,ORPS,930
2023,ORPS,875
2024,ORPS,898
2020,ORST,591
2021,ORST,1035
2022,ORST,1014
2023,ORST,990
2024,ORST,996
2020,ORUN,529
2021,ORUN,1133
2022,ORUN,1127
2023,ORUN,1132
2024,ORUN,1143
2022,PABL,87
2020,PABU,321
2021,PABU,808
2022,PABU,869
2023,PABU,963
2024,PABU,1025
2023,PACL,76
2023,PACS,85
2020,PADU,390
2021,PADU,764
2022,PADU,906
2023,PADU,882
2024,PADU,834
2023,PAED,157
2024,PAED,82
2023,PAGA,86
2023,PAIU,75
2023,PAKU,81
2020,PALE,211
2021,PALE,823
2022,PALE,881
2023,PALE,839
2024,PALE,940
2020,PALF,221
2021,PALF,813
2022,PALF,822
2023,PALF,928
2024,PALF,980
2023,PALH,82
2021,PALN,68
2022,PALN,75
2024,PALN,64
2023,PAME,874
2024,PAME,851
2020,PAPT,983
2021,PAPT,1296
2022,PAPT,1108
2023,PAPT,889
2024,PAPT,1122
2020,PARM,218
2021,PARM,789
2022,PARM,869
2023,PARM,872
2024,PARM,895
2023,PASE,71
2021,PASF,783
2022,PASF,970
2023,PASF,734
2024,PASF,804
2023,PASR,80
2020,PAST,836
2021,PAST,1105
2022,PAST,1104
2023,PAST,1102
2024,PAST,1259
2020,PATE,637
2021,PATE,909
2022,PATE,974
2023,PATE,1002
2024,PATE,993
2021,PAUN,771
2022,PAUN,834
2023,PAUN,848
2024,PAUN,758
2020,PAVI,326
2021,PAVI,977
2022,PAVI,803
2023,PAVI,955
2024,PAVI,1039
2021,RIBR,984
2022,RIBR,961
2023,RIBR,927
2024,RIBR,971
2020,RIBT,327
2021,RIBT,921
2022,RIBT,942
2023,RIBT,897
2024,RIBT,939
2020,RIUN,229
2021,RIUN,860
2022,RIUN,852
2023,RIUN,900
2024,RIUN,1055
2020,SCCC,962
2021,SCCC,1010
2022,SCCC,1072
2023,SCCC,1046
2024,SCCC,1047
2020,SCCH,338
2021,SCCH,933
2022,SCCH,865
2023,SCCH,791
2024,SCCH,865
2020,SCCI,998
2021,SCCI,970
2022,SCCI,872
2023,SCCI,802
2024,SCCI,929
2020,SCCL,1091
2021,SCCL,1080
2022,SCCL,1231
2023,SCCL,1188
2024,SCCL,1221
2024,SCER,83
2020,SCFU,585
2021,SCFU,888
2022,SCFU,1118
2023,SCFU,1083
2024,SCFU,914
2022,SCLC,76
2023,SCLC,81
2021,SCNG,82
2022,SCNG,75
2023,SCNG,168
2024,SCNG,84
2020,SCPR,570
2021,SCPR,1140
2022,SCPR,879
2023,SCPR,828
2024,SCPR,931
2020,SCST,297
2021,SCST,992
2022,SCST,867
2023,SCST,792
2024,SCST,942
2020,SCUN,814
2021,SCUN,998
2022,SCUN,1020
2023,SCUN,962
2024,SCUN,1064
2020,SCWO,394
2021,SCWO,796
2022,SCWO,862
2023,SCWO,786
2024,SCWO,878
2024,SDAU,70
2023,SDBH,75
2024,SDBH,79
2024,SDNO,67
2024,SDSF,98
2020,SDST,728
2021,SDST,1157
2022,SDST,1132
2023,SDST,1055
2024,SDST,1152
2020,SDVE,329
2021,SDVE,983
2022,SDVE,796
2023,SDVE,862
2024,SDVE,1004
2020,TNAI,565
2021,TNAI,857
2022,TNAI,898
2023,TNAI,906
2024,TNAI,1016
2020,TNAP,793
2021,TNAP,995
2022,TNAP,974
2023,TNAP,997
2024,TNAP,967
2020,TNCH,376
2021,TNCH,854
2022,TNCH,892
2023,TNCH,1063
2024,TNCH,952
2023,TNCN,80
2020,TNEA,473
2021,TNEA,1054
2022,TNEA,890
2023,TNEA,820
2024,TNEA,988
2021,TNLA,75
2022,TNLA,153
2023,TNLA,89
2024,TNLA,76
2020,TNMI,778
2021,TNMI,1118
2022,TNMI,1169
2023,TNMI,1009
2024,TNMI,932
2020,TNMR,585
2021,TNMR,1070
2022,TNMR,918
2023,TNMR,969
2024,TNMR,1129
2020,TNMS,986
2021,TNMS,1029
2022,TNMS,1137
2023,TNMS,1109
2024,TNMS,1116
2020,TNTC,556
2021,TNTC,877
2022,TNTC,910
2023,TNTC,942
2024,TNTC,909
2023,TNTU,86
2020,TNUN,810
2021,TNUN,1161
2022,TNUN,1143
2023,TNUN,1088
2024,TNUN,1144
2020,TNVA,770
2021,TNVA,1022
2022,TNVA,981
2023,TNVA,926
2024,TNVA,953
2020,TXAC,484
2021,TXAC,848
2022,TXAC,964
2023,TXAC,853
2024,TXAC,1215
2023,TXAI,74
2020,TXAM,815
2021,TXAM,953
2022,TXAM,926
2023,TXAM,1071
2024,TXAM,1066
2020,TXAN,189
2020,TXBA,776
2021,TXBA,1126
2022,TXBA,1102
2023,TXBA,1014
2024,TXBA,1093
2023,TXCL,73
2020,TXCU,847
2021,TXCU,968
2022,TXCU,1258
2023,TXCU,1082
2024,TXCU,1072
2022,TXEA,890
2023,TXEA,797
2024,TXEA,1039
2020,TXEP,651
2021,TXEP,1038
2022,TXEP,1011
2023,TXEP,938
2024,TXEP,989
2020,TXHO,715
2021,TXHO,1186
2022,TXHO,1098
2023,TXHO,934
2024,TXHO,855
2020,TXHT,401
2021,TXHT,920
2022,TXHT,967
2023,TXHT,821
2024,TXHT,1008
2020,TXIW,575
2021,TXIW,1150
2022,TXIW,1255
2023,TXIW,840
2024,TXIW,1247
2020,TXLA,506
2021,TXLA,824
2022,TXLA,954
2023,TXLA,841
2024,TXLA,918
2020,TXMU,912
2021,TXMU,1080
2022,TXMU,1207
2023,TXMU,1217
2024,TXMU,1175
2020,TXMW,64
2021,TXMW,90
2021,TXNA,132
2022,TXNA,150
2023,TXNA,147
2024,TXNA,62
2020,TXNO,950
2021,TXNO,1224
2022,TXNO,1190
2023,TXNO,1094
2024,TXNO,1153
2021,TXPB,86
2020,TXPV,252
2021,TXPV,991
2022,TXPV,897
2023,TXPV,913
2024,TXPV,963
2020,TXRI,413
2021,TXRI,1004
2022,TXRI,1049
2023,TXRI,1003
2024,TXRI,952
2020,TXSF,795
2021,TXSF,1003
2022,TXSF,957
2023,TXSF,989
2024,TXSF,986
2020,TXSH,832
2021,TXSH,1071
2022,TXSH,760
2023,TXSH,997
2024,TXSH,1088
2020,TXSN,1046
2021,TXSN,1212
2022,TXSN,1246
2023,TXSN,1148
2024,TXSN,1212
2020,TXSO,182
2021,TXSO,924
2022,TXSO,903
2023,TXSO,871
2024,TXSO,827
2020,TXSW,974
2021,TXSW,1016
2022,TXSW,1009
2023,TXSW,1160
2024,TXSW,1141
2020,TXTA,698
2021,TXTA,869
2022,TXTA,960
2023,TXTA,899
2024,TXTA,1140
2020,TXTC,903
2021,TXTC,1011
2022,TXTC,1296
2023,TXTC,1132
2024,TXTC,1223
2020,TXUN,894
2021,TXUN,997
2022,TXUN,1062
2023,TXUN,1195
2024,TXUN,1326
2020,TXWE,87
2021,TXWS,70
2020,UTBY,949
2021,UTBY,1045
2022,UTBY,1013
2023,UTBY,939
2024,UTBY,998
2020,UTDX,420
2021,UTDX,960
2022,UTDX,965
2023,UTDX,913
2024,UTDX,1002
2020,UTSO,492
2021,UTSO,869
2022,UTSO,909
2023,UTSO,909
2024,UTSO,991
2020,UTST,455
2021,UTST,1281
2022,UTST,1147
2023,UTST,1140
2024,UTST,1084
2020,UTUN,419
2021,UTUN,1135
2022,UTUN,1191
2023,UTUN,1055
2024,UTUN,928
2020,UTWB,481
2021,UTWB,926
2022,UTWB,1126
2023,UTWB,843
2024,UTWB,1050
2021,VACV,87
2022,VACV,96
2024,VACV,82
2021,VAHI,919
2022,VAHI,779
2023,VAHI,872
2024,VAHI,1030
2020,VAJM,680
2021,VAJM,1174
2022,VAJM,977
2023,VAJM,1059
2024,VAJM,1082
2020,VALB,936
2021,VALB,1061
2022,VALB,1077
2023,VALB,1166
2024,VALB,993
2021,VALY,330
2022,VALY,521
2023,VALY,424
2024,VALY,386
2020,VAMI,727
2021,VAMI,1018
2022,VAMI,906
2023,VAMI,880
2024,VAMI,891
2021,VANO,944
2022,VANO,814
2023,VANO,878
2024,VANO,870
2021,VAOD,1111
2022,VAOD,907
2023,VAOD,1030
2024,VAOD,1002
2023,VAPE,81
2024,VAPE,68
2020,VAPI,895
2021,VAPI,1034
2022,VAPI,904
2023,VAPI,1047
2024,VAPI,1012
2020,VARI,308
2021,VARI,888
2022,VARI,1175
2023,VARI,1019
2024,VARI,996
2020,VAUN,899
2021,VAUN,1078
2022,VAUN,812
2023,VAUN,1046
2024,VAUN,1008
2021,VAVU,69
2024,VAVU,59
2020,VAWM,212
2021,VAWM,824
2022,VAWM,1006
2023,VAWM,815
2024,VAWM,940
2020,WACE,75
2021,WACE,87
2023,WACE,92
2024,WACE,82
2020,WAEA,666
2021,WAEA,1265
2022,WAEA,956
2023,WAEA,1000
2024,WAEA,1039
2020,WAST,325
2021,WAST,1039
2022,WAST,1046
2023,WAST,1024
2024,WAST,1059
2020,WAUN,319
2021,WAUN,937
2022,WAUN,1151
2023,WAUN,1194
2024,WAUN,1003
2023,WISP,83
2020,WIUN,589
2021,WIUN,1034
2022,WIUN,1004
2023,WIUN,1095
2024,WIUN,952
2020,WVMA,785
2021,WVMA,1137
2022,WVMA,1153
2023,WVMA,1081
2024,WVMA,1034
2023,WVSH,67
2023,WVST,78
2020,WVUN,898
2021,WVUN,1079
2022,WVUN,1052
2023,WVUN,1078
2024,WVUN,1069
2021,WVWE,70
2024,WVWE,71
2024,WVWJ,74
2020,WYUN,496
2021,WYUN,1017
2022,WYUN,977
2023,WYUN,955
2024,WYUN,984
2025,ALAM,237
2025,ALAU,236
2025,ALBI,235
2025,ALJA,242
2025,ALMI,88
2025,ALNO,272
2025,ALSM,271
2025,ALSO,224
2025,ALST,215
2025,ALTR,230
2025,ALTU,54
2025,ALUN,229
2025,ARBP,77
2025,ARCE,252
2025,ARPB,242
2025,ARST,261
2025,ARUN,247
2025,AZNO,258
2025,AZST,242
2025,AZUN,240
2025,CADA,161
2025,CAFR,294
2025,CALA,219
2025,CALI,61
2025,CASA,208
2025,CASC,231
2025,CASJ,170
2025,CASL,247
2025,CASS,169
2025,CAST,229
2025,CASU,231
2025,CAUN,235
2025,COAF,170
2025,CONO,221
2025,COST,156
2025,COUN,231
2025,CTCE,240
2025,CTNH,229
2025,CTSH,236
2025,CTUN,266
2025,DCGT,241
2025,DCHO,226
2025,DEST,267
2025,DEUN,256
2025,FLAM,248
2025,FLAT,294
2025,FLBC,239
2025,FLCE,152
2025,FLIN,253
2025,FLMI,240
2025,FLSO,230
2025,FLSS,237
2025,FLST,159
2025,FLUN,251
2025,FLWE,72
2025,FLWR,95
2025,GAAL,72
2025,GAKS,232
2025,GAME,167
2025,GAMH,77
2025,GASO,244
2025,GAST,239
2025,GATC,230
2025,GAUN,281
2025,GAWG,277
2025,HIUN,347
2025,IADR,157
2025,IANO,229
2025,IAST,305
2025,IAUN,238
2025,IAUP,63
2025,IDBO,181
2025,IDST,257
2025,IDUN,231
2025,ILEA,267
2025,ILMK,97
2025,ILNO,169
2025,ILNW,225
2025,ILSO,218
2025,ILST,227
2025,ILUN,233
2025,ILWE,221
2025,INBS,196
2025,INBU,246
2025,INHA,70
2025,INND,159
2025,INPU,235
2025,INST,245
2025,INUN,262
2025,INVA,203
2025,KSST,276
2025,KSUN,221
2025,KYEA,218
2025,KYLO,142
2025,KYMO,214
2025,KYMU,250
2025,KYST,81
2025,KYTM,139
2025,KYUN,250
2025,KYWE,273
2025,LAGR,241
2025,LALC,78
2025,LAMC,248
2025,LANE,145
2025,LANI,216
2025,LANW,200
2025,LASE,246
2025,LASO,308
2025,LAST,233
2025,LASW,201
2025,LATC,241
2025,LATU,251
2025,MAAI,73
2025,MABC,264
2025,MABE,72
2025,MAHC,209
2025,MAMK,226
2025,MAST,228
2025,MAUN,224
2025,MDBO,86
2025,MDMO,225
2025,MDNA,239
2025,MDTO,212
2025,MDUN,256
2025,MEUN,221
2025,MIAD,73
2025,MICE,231
2025,MIEA,243
2025,MINO,85
2025,MIST,235
2025,MIUN,240
2025,MIWE,231
2025,MNST,211
2025,MNUN,246
2025,MOLW,245
2025,MONE,67
2025,MOSE,246
2025,MOSW,242
2025,MOUN,283
2025,MSAL,240
2025,MSJA,246
2025,MSSO,243
2025,MSST,231
2025,MSUN,268
2025,MSVA,238
2025,MTST,247
2025,MTUN,161
2025,NCAP,279
2025,NCAT,251
2025,NCCE,315
2025,NCCM,258
2025,NCCR,237
2025,NCDA,237
2025,NCDU,235
2025,NCEA,278
2025,NCEC,78
2025,NCEL,264
2025,NCFA,72
2025,NCGW,280
2025,NCST,249
2025,NCUN,197
2025,NCWE,300
2025,NCWF,230
2025,NDST,228
2025,NDUN,275
2025,NECH,72
2025,NEUN,253
2025,NHSA,68
2025,NHUN,236
2025,NJMO,264
2025,NJRU,256
2025,NMST,230
2025,NMUN,237
2025,NVLV,220
2025,NVRE,220
2025,NYAB,230
2025,NYBU,237
2025,NYCG,268
2025,NYCW,203
2025,NYFO,275
2025,NYMR,268
2025,NYST,246
2025,NYSY,283
2025,NYWA,246
2025,NYWP,192
2025,OHAK,251
2025,OHBG,242
2025,OHCI,195
2025,OHDA,150
2025,OHKS,241
2025,OHMI,111
2025,OHST,215
2025,OHTO,258
2025,OHUN,239
2025,OHYO,222
2025,OKLA,165
2025,OKNE,82
2025,OKST,167
2025,OKTU,264
2025,OKUN,257
2025,ORCL,87
2025,ORPS,277
2025,ORST,255
2025,ORUN,220
2025,PABU,230
2025,PADU,230
2025,PALE,220
2025,PALF,228
2025,PALN,79
2025,PAME,262
2025,PAPT,241
2025,PARM,210
2025,PASF,200
2025,PAST,237
2025,PATE,231
2025,PAVI,158
2025,RIBT,242
2025,RIUN,226
2025,SCAL,88
2025,SCCC,247
2025,SCCH,206
2025,SCCI,205
2025,SCCL,209
2025,SCER,61
2025,SCFU,242
2025,SCPR,257
2025,SCST,273
2025,SCUN,212
2025,SCWO,197
2025,SDST,251
2025,SDVE,205
2025,TNAI,217
2025,TNAP,239
2025,TNCC,73
2025,TNCH,249
2025,TNEA,260
2025,TNMI,240
2025,TNMR,235
2025,TNMS,230
2025,TNTC,235
2025,TNUN,290
2025,TNVA,211
2025,TXAC,250
2025,TXAM,259
2025,TXBA,294
2025,TXCU,157
2025,TXEA,164
2025,TXEP,230
2025,TXGV,238
2025,TXHO,251
2025,TXHT,252
2025,TXIW,273
2025,TXLA,222
2025,TXMU,246
2025,TXNO,239
2025,TXPV,247
2025,TXRI,247
2025,TXSF,221
2025,TXSH,238
2025,TXSN,266
2025,TXSO,210
2025,TXSR,119
2025,TXSW,256
2025,TXTA,318
2025,TXTC,261
2025,TXUN,247
2025,UTBY,158
2025,UTDX,234
2025,UTSO,261
2025,UTST,232
2025,UTUN,273
2025,UTWB,235
2025,VAFC,80
2025,VAHI,239
2025,VAJM,174
2025,VALB,239
2025,VALY,82
2025,VAMI,231
2025,VANO,240
2025,VAOD,213
2025,VAPE,98
2025,VAPI,250
2025,VARI,225
2025,VAUN,281
2025,VAWM,225
2025,WACE,80
2025,WAEA,240
2025,WAST,240
2025,WAUN,176
2025,WIUN,217
2025,WVMA,227
2025,WVUN,266
2025,WVWL,76
2025,WYUN,229
