player_id,season,position,unit,player,run_defense_snaps,pass_rush_snaps,coverage_snaps,total_snaps,run_block_snaps,receiving_snaps,pass_block_snaps,run_snaps,pass_snaps,run_defense,pass_rush,coverage,discipline,defense,run_block,receiving,pass_block,run,pass,offense,coverage_rank,offense_rank,defense_rank,run_defense_rank,pass_rush_rank,receiving_rank,pass_rank,run_block_rank,pass_block_rank,run_rank,season_1,position_1,pff_player_id,wick_score,capped_wick_score
56122,2020,CB,defense,Cam Johnson,3947.0,0.0,4378.0,9234,0.0,0.0,0.0,0.0,0.0,57.470000000000006,,75.67,33.239999999999995,71.41,,,,,,,52.0,,104.6,262.89473684210526,,,,,,,2020,NB,56122,38.4,38.4
83459,2021,CB,defense,Beanie Bishop Jr.,2683.0,14.0,2811.0,7744,0.0,0.0,0.0,0.0,0.0,75.6842105263158,53.9,69.51578947368421,82.96842105263158,71.78947368421052,,,,,,,369.1333333333333,,277.6470588235294,143.5,,,,,,,2021,NB,83459,57.9,57.9
97329,2022,CB,defense,Derrick Canteen,4788.0,139.0,5213.0,11407,0.0,0.0,0.0,0.0,0.0,60.978947368421046,68.62307692307692,70.62105263157895,74.88421052631578,69.36315789473684,,,,,,,270.63157894736844,,308.2631578947368,558.421052631579,,,,,,,2022,NB,97329,30.1,30.1
100302,2023,CB,defense,Kempton Shine,4960.0,19.0,4936.0,10179,0.0,0.0,0.0,0.0,0.0,84.77894736842104,59.0,68.38947368421053,18.178947368421053,70.88947368421053,,,,,,,337.42105263157896,,279.2105263157895,37.94736842105263,,,,,,,2023,NB,100302,50.9,50.9
121497,2023,CB,defense,Mac McWilliams,4661.0,7.0,5398.0,11355,0.0,0.0,0.0,0.0,0.0,71.91052631578947,59.4,62.40526315789474,84.73157894736842,64.88947368421053,,,,,,,559.7222222222222,,522.0555555555555,252.42105263157896,,,,,,,2023,NB,121497,45.3,45.3
129686,2023,CB,defense,RJ Delancy III,1890.0,34.0,2788.0,5838,0.0,0.0,0.0,0.0,0.0,75.85263157894737,60.2,86.8578947368421,73.89999999999999,86.73157894736842,,,,,,,19.88235294117647,,14.176470588235293,136.5625,,,,,,,2023,NB,129686,63.3,63.3
131462,2023,CB,defense,Preston Hodge,2762.0,126.0,5336.0,10233,0.0,0.0,0.0,0.0,0.0,71.1842105263158,64.23529411764706,83.51578947368421,86.44736842105263,83.5,,,,,,,50.0,,43.666666666666664,280.5882352941176,,,,,,,2023,NB,131462,60.7,60.7
144393,2023,CB,defense,Jalen McMurray,4675.0,150.0,4617.0,10458,0.0,0.0,0.0,0.0,0.0,70.55789473684212,51.817647058823525,69.23684210526316,72.24736842105263,69.61578947368422,,,,,,,359.7894736842105,,366.7894736842105,292.89473684210526,,,,,,,2023,NB,144393,33.0,33.0
184348,2024,CB,defense,Jordan Scruggs,3513.0,42.0,5456.0,10163,0.0,0.0,0.0,0.0,0.0,76.515,56.419999999999995,78.935,34.07,77.83500000000001,,,,,,,76.95,,80.9,107.1,,,,,,,2024,NB,184348,64.4,64.4
43185,2021,CB,defense,Justin Clark,2454.0,33.0,2475.0,5886,0.0,0.0,0.0,0.0,0.0,76.43157894736842,63.03888888888889,67.66842105263159,80.82105263157894,70.60526315789474,,,,,,,312.92857142857144,,225.88888888888889,123.84210526315789,,,,,,,2021,CB,43185,85.6,85.6
55569,2021,CB,defense,Azizi Hearn,4919.0,19.0,4774.0,10295,0.0,0.0,0.0,0.0,0.0,77.15789473684211,59.800000000000004,74.23684210526316,27.410526315789472,73.82631578947368,,,,,,,146.77777777777777,,142.61111111111111,104.11111111111111,,,,,,,2021,CB,55569,100.0,100.0
55750,2021,CB,defense,C.J. Coldon Jr.,5409.0,29.0,5247.0,11580,0.0,0.0,0.0,0.0,0.0,73.26315789473684,70.47777777777779,70.47368421052632,2.373684210526316,69.53684210526316,,,,,,,249.52631578947367,,283.2631578947368,213.21052631578948,,,,,,,2021,CB,55750,64.5,64.5
56122,2020,CB,defense,Cam Johnson,3947.0,0.0,4378.0,9234,0.0,0.0,0.0,0.0,0.0,57.470000000000006,,75.67,33.239999999999995,71.41,,,,,,,52.0,,104.6,262.89473684210526,,,,,,,2020,CB,56122,57.8,57.8
65033,2020,CB,defense,Akayleb Evans,2376.0,3.0,2601.0,5320,0.0,0.0,0.0,0.0,0.0,67.01666666666667,78.3,65.16111111111111,14.605555555555554,64.52777777777777,,,,,,,240.25,,248.1875,172.38888888888889,,,,,,,2020,CB,65033,75.3,75.3
65081,2020,CB,defense,Allie Green IV,2214.0,0.0,2700.0,5244,0.0,0.0,0.0,0.0,0.0,72.79444444444444,,46.74444444444444,21.422222222222224,49.400000000000006,,,,,,,500.6923076923077,,505.6666666666667,109.5,,,,,,,2020,CB,65081,47.9,47.9
75699,2021,CB,defense,Rashad Ajayi,4560.0,142.0,5070.0,11314,0.0,0.0,0.0,0.0,0.0,51.97894736842105,46.922222222222224,75.28947368421052,33.421052631578945,69.52631578947368,,,,,,,136.68421052631578,,290.10526315789474,684.9473684210526,,,,,,,2021,CB,75699,67.6,67.6
76604,2023,CB,defense,Capone Blue,4106.0,58.0,3752.0,9439,0.0,0.0,0.0,0.0,0.0,57.95789473684211,54.62105263157895,66.0578947368421,46.03684210526316,63.84736842105263,,,,,,,419.05263157894734,,523.421052631579,606.578947368421,,,,,,,2023,CB,76604,52.5,52.5
76740,2021,CB,defense,Jeremy Lucien,4193.0,0.0,3597.0,8836,0.0,0.0,0.0,0.0,0.0,69.975,,64.57000000000001,81.095,66.53,,,,,,,433.9,,390.6,274.8,,,,,,,2021,CB,76740,39.1,39.1
78673,2022,CB,defense,Decorian Patterson,4524.0,126.0,6256.0,12470,0.0,0.0,0.0,0.0,0.0,70.71052631578948,49.55789473684211,71.62105263157895,84.17894736842106,71.84210526315789,,,,,,,236.1578947368421,,224.94736842105263,320.5263157894737,53.0,,,,,,2022,CB,78673,62.2,62.2
83459,2021,CB,defense,Beanie Bishop Jr.,2683.0,14.0,2811.0,7744,0.0,0.0,0.0,0.0,0.0,75.6842105263158,53.9,69.51578947368421,82.96842105263158,71.78947368421052,,,,,,,369.1333333333333,,277.6470588235294,143.5,,,,,,,2021,CB,83459,64.9,64.9
84268,2021,CB,defense,Josh Newton,3760.0,148.0,4438.0,9885,0.0,0.0,0.0,0.0,0.0,58.63157894736842,65.34705882352942,74.03684210526316,52.152631578947364,71.03684210526316,,,,,,,172.8235294117647,,245.16666666666666,572.5333333333333,,,,,,,2021,CB,84268,60.6,60.6
97143,2022,CB,defense,Bralyn Lux,3182.0,66.0,3592.0,7629,0.0,0.0,0.0,0.0,0.0,64.8578947368421,91.77333333333333,67.88421052631578,26.02105263157895,69.4421052631579,,,,,,,366.36842105263156,,304.4736842105263,444.8333333333333,,,,,,,2022,CB,97143,56.5,56.5
97144,2022,CB,defense,Malik Fleming,4479.0,73.0,6139.0,12206,0.0,0.0,0.0,0.0,0.0,79.16315789473686,61.87894736842105,76.55789473684212,84.0578947368421,78.5578947368421,,,,,,,118.47368421052632,,68.26315789473684,74.21052631578948,,,,,,,2022,CB,97144,74.4,74.4
97329,2022,CB,defense,Derrick Canteen,4788.0,139.0,5213.0,11407,0.0,0.0,0.0,0.0,0.0,60.978947368421046,68.62307692307692,70.62105263157895,74.88421052631578,69.36315789473684,,,,,,,270.63157894736844,,308.2631578947368,558.421052631579,,,,,,,2022,CB,97329,54.1,54.1
97539,2021,CB,defense,Quincy Riley,2065.0,56.0,3219.0,5661,0.0,0.0,0.0,0.0,0.0,48.682352941176475,69.52941176470588,76.92352941176469,81.8529411764706,73.39411764705882,,,,,,,119.0,,171.33333333333334,764.0833333333334,,,,,,,2021,CB,97539,66.0,66.0
97676,2022,CB,defense,Josh Wallace,4997.0,27.0,4757.0,10641,0.0,0.0,0.0,0.0,0.0,65.60526315789474,57.12142857142857,67.60000000000001,15.96842105263158,66.2421052631579,,,,,,,355.94736842105266,,409.57894736842104,410.89473684210526,,,,,,,2022,CB,97676,67.0,67.0
100302,2023,CB,defense,Kempton Shine,4960.0,19.0,4936.0,10179,0.0,0.0,0.0,0.0,0.0,84.77894736842104,59.0,68.38947368421053,18.178947368421053,70.88947368421053,,,,,,,337.42105263157896,,279.2105263157895,37.94736842105263,,,,,,,2023,CB,100302,63.1,63.1
100914,2022,CB,defense,Sam Westfall,2889.0,32.0,3174.0,7339,0.0,0.0,0.0,0.0,0.0,51.3421052631579,57.27777777777778,60.98947368421052,82.00526315789473,59.3421052631579,,,,,,,608.0,,679.4736842105264,711.8947368421053,,,,,,,2022,CB,100914,65.9,65.9
101078,2022,CB,defense,Ja'Quan Sheppard,5111.0,174.0,5222.0,11283,0.0,0.0,0.0,0.0,0.0,54.252631578947366,63.699999999999996,55.147368421052626,84.67894736842106,55.73684210526316,,,,,,,746.3684210526316,,772.6315789473684,681.7368421052631,4.0,,,,,,2022,CB,101078,61.1,61.1
101146,2021,CB,defense,Cam Lampkin,3808.0,120.0,4623.0,9634,0.0,0.0,0.0,0.0,0.0,58.973684210526315,49.49473684210526,56.0,77.69473684210527,56.24210526315789,,,,,,,673.8947368421053,,710.2105263157895,631.9411764705883,,,,,,,2021,CB,101146,57.1,57.1
102650,2023,CB,defense,Bryquice Brown,2770.0,77.0,4634.0,8321,0.0,0.0,0.0,0.0,0.0,66.3578947368421,69.6,59.17368421052631,82.54736842105264,61.215789473684204,,,,,,,626.2105263157895,,621.4736842105264,385.94736842105266,,,,,,,2023,CB,102650,47.9,47.9
102900,2021,CB,defense,Mekhi Garner,2976.0,21.0,3451.0,7417,0.0,0.0,0.0,0.0,0.0,57.647368421052626,54.29473684210526,74.42105263157895,30.86315789473684,70.49473684210527,,,,,,,154.89473684210526,,261.5263157894737,586.421052631579,,,,,,,2021,CB,102900,78.3,78.3
121497,2023,CB,defense,Mac McWilliams,4661.0,7.0,5398.0,11355,0.0,0.0,0.0,0.0,0.0,71.91052631578947,59.4,62.40526315789474,84.73157894736842,64.88947368421053,,,,,,,559.7222222222222,,522.0555555555555,252.42105263157896,,,,,,,2023,CB,121497,56.9,56.9
122146,2024,CB,defense,Fred Davis II,2769.0,11.0,2506.0,5805,0.0,0.0,0.0,0.0,0.0,68.86,58.3,70.65,30.75,69.53,,,,,,,129.33333333333334,,245.25,198.84615384615384,,,,,,,2024,CB,122146,57.9,58.0
122628,2022,CB,defense,Trey Amos,2957.0,31.0,3521.0,7693,0.0,0.0,0.0,0.0,0.0,57.141176470588235,62.24666666666667,74.56470588235294,59.4,71.44117647058823,,,,,,,185.6875,,267.75,700.4375,,,,,,,2022,CB,122628,64.9,64.9
122837,2024,CB,defense,Tony Grimes,3061.0,13.0,5127.0,9516,0.0,0.0,0.0,0.0,0.0,63.485,60.0,73.02000000000001,52.705,71.625,,,,,,,205.4,,232.05,484.4117647058824,,,,,,,2024,CB,122837,52.4,52.4
122924,2024,CB,defense,Joshua Eaton,3676.0,98.0,4663.0,8968,0.0,0.0,0.0,0.0,0.0,60.27,66.61,64.51,44.21,64.045,,,,,,,468.85,,508.85,495.05555555555554,,,,,,,2024,CB,122924,48.5,48.5
123734,2022,CB,defense,Davonte Brown,3602.0,56.0,4696.0,9521,0.0,0.0,0.0,0.0,0.0,68.02631578947368,69.43333333333334,63.147368421052626,82.8157894736842,64.9421052631579,,,,,,,554.2777777777778,,509.5,377.5,,,,,,,2022,CB,123734,68.5,68.5
128307,2023,CB,defense,Dezjhon Malone,3758.0,99.0,5774.0,10464,0.0,0.0,0.0,0.0,0.0,67.285,59.19500000000001,69.3,84.135,69.83500000000001,,,,,,,323.35,,325.15,374.45,,,,,,,2023,CB,128307,69.9,69.9
128375,2022,CB,defense,Nohl Williams,5011.0,133.0,4826.0,11967,0.0,0.0,0.0,0.0,0.0,76.49,63.105,67.76,49.095,70.26,,,,,,,383.42105263157896,,269.5,138.25,4.0,,,,,,2022,CB,128375,63.7,63.7
129686,2023,CB,defense,RJ Delancy III,1890.0,34.0,2788.0,5838,0.0,0.0,0.0,0.0,0.0,75.85263157894737,60.2,86.8578947368421,73.89999999999999,86.73157894736842,,,,,,,19.88235294117647,,14.176470588235293,136.5625,,,,,,,2023,CB,129686,84.6,84.6
130576,2022,CB,defense,Eric Rogers,2091.0,80.0,2320.0,5219,0.0,0.0,0.0,0.0,0.0,78.51052631578948,55.5,71.1263157894737,13.878947368421052,72.22105263157896,,,,,,,344.25,,289.0,104.86666666666666,,,,,,,2022,CB,130576,60.3,60.3
131462,2023,CB,defense,Preston Hodge,2762.0,126.0,5336.0,10233,0.0,0.0,0.0,0.0,0.0,71.1842105263158,64.23529411764706,83.51578947368421,86.44736842105263,83.5,,,,,,,50.0,,43.666666666666664,280.5882352941176,,,,,,,2023,CB,131462,61.5,61.5
144393,2023,CB,defense,Jalen McMurray,4675.0,150.0,4617.0,10458,0.0,0.0,0.0,0.0,0.0,70.55789473684212,51.817647058823525,69.23684210526316,72.24736842105263,69.61578947368422,,,,,,,359.7894736842105,,366.7894736842105,292.89473684210526,,,,,,,2023,CB,144393,53.4,53.4
145378,2023,CB,defense,LaMareon James,4860.0,39.0,5327.0,12288,19.0,0.0,0.0,0.0,0.0,55.27894736842105,57.20000000000001,70.63157894736842,85.55263157894737,68.36842105263158,60.0,,,,,60.0,273.63157894736844,,376.89473684210526,653.1052631578947,,,,,,,2023,CB,145378,57.2,57.2
145889,2023,CB,defense,Torrie Cox Jr.,2040.0,28.0,3445.0,5956,0.0,0.0,0.0,0.0,0.0,73.47368421052632,78.27777777777777,67.1421052631579,47.38947368421052,69.43684210526315,,,,,,,399.11764705882354,,342.52941176470586,180.92307692307693,,,,,,,2023,CB,145889,55.8,55.8
146043,2024,CB,defense,Julian Neal,2516.0,69.0,4147.0,7470,0.0,0.0,0.0,0.0,0.0,68.34,62.47222222222222,64.44,81.995,65.75,,,,,,,485.7894736842105,,448.3157894736842,203.9090909090909,,,,,,,2024,CB,146043,48.2,48.2
147394,2024,CB,defense,Malcolm Bell,2131.0,47.0,2811.0,5785,0.0,0.0,0.0,0.0,0.0,69.17,61.455,75.405,80.66,75.14500000000001,,,,,,,117.76470588235294,,108.0625,270.93333333333334,,,,,,,2024,CB,147394,50.1,50.1
150058,2023,CB,defense,B.J. Mayes,3372.0,38.0,4220.0,8805,0.0,0.0,0.0,0.0,0.0,59.473684210526315,43.5,76.99473684210527,13.594736842105263,72.01578947368421,,,,,,,128.61111111111111,,248.77777777777777,608.6111111111111,,,,,,,2023,CB,150058,72.9,72.9
150703,2023,CB,defense,Kolbey Taylor,3316.0,0.0,4081.0,7986,0.0,0.0,0.0,0.0,0.0,72.58421052631579,,57.62105263157895,18.326315789473682,59.1578947368421,,,,,,,667.5,,694.6111111111111,221.23529411764707,,,,,,,2023,CB,150703,39.9,39.9
156555,2024,CB,defense,Hezekiah Masses,4889.0,0.0,5193.0,11266,0.0,0.0,0.0,0.0,0.0,64.03999999999999,,72.92,27.855,70.85,,,,,,,202.5,,255.3,411.6,,,,,,,2024,CB,156555,51.7,51.7
156676,2024,CB,defense,Matthew McDoom,3320.0,16.0,3743.0,7766,0.0,0.0,0.0,0.0,0.0,68.22999999999999,57.199999999999996,76.9,82.545,76.82000000000001,,,,,,,159.88888888888889,,150.88888888888889,302.3333333333333,,,,,,,2024,CB,156676,62.9,62.9
156723,2024,CB,defense,Brent Austin,3953.0,45.0,5228.0,9832,0.0,0.0,0.0,0.0,0.0,57.585,53.35,71.09,83.51,69.435,,,,,,,268.7894736842105,,317.10526315789474,543.7894736842105,,,,,,,2024,CB,156723,57.2,57.2
156809,2024,CB,defense,Jacobie Henderson,4632.0,33.0,5261.0,10563,0.0,0.0,0.0,0.0,0.0,50.78,58.7764705882353,65.61,42.83,62.65,,,,,,,421.8,,543.2,617.0,,,,,,,2024,CB,156809,54.0,54.1
157447,2024,CB,defense,Isaiah Brown-Murray,5246.0,50.0,5968.0,11949,0.0,0.0,0.0,0.0,0.0,76.47999999999999,51.94166666666666,71.515,83.78999999999999,73.16499999999999,,,,,,,273.94736842105266,,211.5,137.7,,,,,,,2024,CB,157447,60.3,60.3
157603,2024,CB,defense,Myles Norwood,3040.0,72.0,4521.0,8864,0.0,0.0,0.0,0.0,0.0,42.08421052631579,49.70526315789474,68.89999999999999,82.03684210526316,63.61052631578948,,,,,,,352.6842105263158,,550.421052631579,701.8235294117648,,,,,,,2024,CB,157603,43.2,43.2
157861,2023,CB,defense,Marquise Robinson,4421.0,0.0,5161.0,10188,0.0,0.0,0.0,0.0,0.0,70.78947368421052,,57.468421052631584,44.484210526315785,59.44736842105263,,,,,,,667.0,,658.8947368421053,285.7894736842105,,,,,,,2023,CB,157861,55.9,55.9
159892,2024,CB,defense,Jason Chambers,3403.0,17.0,3238.0,7529,0.0,0.0,0.0,0.0,0.0,75.88,68.47,71.495,39.17,72.69500000000001,,,,,,,238.6315789473684,,196.5,132.1,,,,,,,2024,CB,159892,55.7,55.7
162115,2024,CB,defense,Jamel Johnson,4469.0,36.0,3791.0,9892,0.0,0.0,0.0,0.0,0.0,66.38,46.4,74.97999999999999,82.075,72.71000000000001,,,,,,,138.72222222222223,,201.94736842105263,333.4736842105263,,,,,,,2024,CB,162115,52.7,52.7
163211,2024,CB,defense,Donavon Platt,2326.0,49.0,3464.0,6058,0.0,0.0,0.0,0.0,0.0,51.80499999999999,58.96315789473684,69.71000000000001,81.575,67.35,,,,,,,426.3529411764706,,507.8235294117647,728.6,,,,,,,2024,CB,163211,44.7,44.7
163962,2024,CB,defense,Jabari Mack,3386.0,20.0,3554.0,7854,0.0,0.0,0.0,0.0,0.0,60.86,60.0,64.765,81.675,64.17999999999999,,,,,,,443.3157894736842,,487.65,469.9,,,,,,,2024,CB,163962,59.1,59.1
168425,2023,CB,defense,D'Yoni Hill,3099.0,7.0,3734.0,8595,0.0,0.0,0.0,0.0,0.0,77.59444444444445,59.3,64.71111111111111,82.47222222222223,67.26666666666667,,,,,,,294.35714285714283,,217.64285714285714,72.0,,,,,,,2023,CB,168425,60.3,60.3
169935,2023,CB,defense,DeAgo Brumfield,4102.0,104.0,4822.0,9874,0.0,0.0,0.0,0.0,0.0,57.336842105263166,54.642105263157895,67.82631578947368,83.52105263157895,66.09473684210526,,,,,,,412.0,,491.72222222222223,646.5,,,,,,,2023,CB,169935,57.1,57.1
172197,2024,CB,defense,Dontay Joyner,4570.0,109.0,4681.0,10191,0.0,0.0,0.0,0.0,0.0,73.94,73.58888888888889,72.615,83.025,74.47999999999999,,,,,,,217.05,,165.4,172.8,10.75,,,,,,2024,CB,172197,65.4,65.4
172213,2023,CB,defense,Dontez Fagan,3750.0,0.0,4049.0,8655,0.0,0.0,0.0,0.0,0.0,60.252631578947366,,66.86315789473684,56.70526315789474,66.01052631578948,,,,,,,386.1111111111111,,446.8421052631579,567.2105263157895,,,,,,,2023,CB,172213,66.7,66.7
172259,2023,CB,defense,D'Angelo Ponds,2554.0,154.0,5335.0,9477,0.0,0.0,0.0,0.0,0.0,77.89999999999999,64.10000000000001,79.92105263157895,81.86842105263158,80.96315789473684,,,,,,,90.58823529411765,,69.8125,61.38461538461539,,,,,,,2023,CB,172259,67.5,67.5
172547,2024,CB,defense,Will James,4350.0,17.0,4197.0,10109,0.0,20.0,0.0,0.0,0.0,72.205,47.1,67.045,83.205,68.27,,59.5,,,,59.6,373.0,,348.7368421052632,230.21052631578948,,,,,,,2024,CB,172547,44.3,44.3
173211,2024,CB,defense,Brian Nelson II,3887.0,78.0,3854.0,8679,0.0,0.0,0.0,0.0,0.0,71.745,45.72,65.67,82.14,66.91499999999999,,,,,,,449.85,,418.65,212.94444444444446,,,,,,,2024,CB,173211,50.0,50.0
173463,2023,CB,defense,TJ Crandall,2136.0,0.0,1860.0,4646,0.0,0.0,0.0,0.0,0.0,66.68947368421053,,74.6842105263158,80.18947368421053,74.78421052631579,,,,,,,126.4,,151.4,438.0,,,,,,,2023,CB,173463,71.8,71.8
175191,2023,CB,defense,Antione Jackson,1901.0,10.0,2086.0,4712,0.0,0.0,0.0,0.0,0.0,75.09411764705884,59.0,68.03529411764707,41.05294117647059,69.54117647058824,,,,,,,494.7857142857143,,449.46666666666664,167.28571428571428,,,,,,,2023,CB,175191,77.1,77.1
175720,2024,CB,defense,Michael Coats Jr.,5650.0,39.0,6274.0,13237,0.0,0.0,0.0,0.0,0.0,53.31428571428571,56.925,83.68571428571428,42.01904761904762,78.91904761904762,,,,,,,30.095238095238095,,65.14285714285714,577.4761904761905,,,,,,,2024,CB,175720,56.8,56.8
184348,2024,CB,defense,Jordan Scruggs,3513.0,42.0,5456.0,10163,0.0,0.0,0.0,0.0,0.0,76.515,56.419999999999995,78.935,34.07,77.83500000000001,,,,,,,76.95,,80.9,107.1,,,,,,,2024,CB,184348,46.9,47.0
56122,2020,CB,defense,Cam Johnson,3947.0,0.0,4378.0,9234,0.0,0.0,0.0,0.0,0.0,57.470000000000006,,75.67,33.239999999999995,71.41,,,,,,,52.0,,104.6,262.89473684210526,,,,,,,2020,S,56122,38.1,38.1
83459,2021,CB,defense,Beanie Bishop Jr.,2683.0,14.0,2811.0,7744,0.0,0.0,0.0,0.0,0.0,75.6842105263158,53.9,69.51578947368421,82.96842105263158,71.78947368421052,,,,,,,369.1333333333333,,277.6470588235294,143.5,,,,,,,2021,S,83459,62.5,60.1
97144,2022,CB,defense,Malik Fleming,4479.0,73.0,6139.0,12206,0.0,0.0,0.0,0.0,0.0,79.16315789473686,61.87894736842105,76.55789473684212,84.0578947368421,78.5578947368421,,,,,,,118.47368421052632,,68.26315789473684,74.21052631578948,,,,,,,2022,S,97144,60.7,59.0
131462,2023,CB,defense,Preston Hodge,2762.0,126.0,5336.0,10233,0.0,0.0,0.0,0.0,0.0,71.1842105263158,64.23529411764706,83.51578947368421,86.44736842105263,83.5,,,,,,,50.0,,43.666666666666664,280.5882352941176,,,,,,,2023,S,131462,48.5,48.5
184348,2024,CB,defense,Jordan Scruggs,3513.0,42.0,5456.0,10163,0.0,0.0,0.0,0.0,0.0,76.515,56.419999999999995,78.935,34.07,77.83500000000001,,,,,,,76.95,,80.9,107.1,,,,,,,2024,S,184348,61.3,61.3
123708,2023,DI,defense,T.J. Jackson,1526.0,2382.0,0.0,4081,0.0,0.0,0.0,0.0,0.0,89.72941176470589,70.71764705882353,63.58461538461539,80.3,87.49411764705883,,,,,,,,,6.466666666666667,2.5555555555555554,128.4375,,,,,,2023,DPR,123708,45.6,45.6
123708,2023,DI,defense,T.J. Jackson,1526.0,2382.0,0.0,4081,0.0,0.0,0.0,0.0,0.0,89.72941176470589,70.71764705882353,63.58461538461539,80.3,87.49411764705883,,,,,,,,,6.466666666666667,2.5555555555555554,128.4375,,,,,,2023,DE,123708,48.8,48.8
101405,2022,ED,defense,Noah Potter,2407.0,2010.0,17.0,4973,0.0,0.0,0.0,0.0,0.0,60.99473684210527,73.26842105263158,67.8157894736842,56.836842105263166,70.05263157894737,,,,,,,,,365.3888888888889,551.6666666666666,224.75,,,,,,2022,DE,101405,39.2,39.2
98193,2023,ED,defense,Quindarius Dunnigan,3372.0,4152.0,110.0,8938,0.0,0.0,0.0,0.0,0.0,72.99473684210527,65.84210526315789,48.810526315789474,55.68947368421052,66.9421052631579,,,,,,,,,406.42105263157896,184.0,331.72222222222223,,,,,,2023,DPR,98193,38.3,38.3
100955,2022,ED,defense,Rick D'Abreu,429.0,930.0,0.0,1467,0.0,0.0,0.0,0.0,0.0,55.44705882352941,69.65882352941176,59.26666666666667,77.62941176470588,63.211764705882345,,,,,,,,,,,,,,,,,2022,DE,100955,37.4,37.4
98162,2023,ED,defense,Elijah Alston,2436.0,2856.0,323.0,6339,0.0,0.0,0.0,0.0,0.0,67.49473684210527,80.93157894736842,89.86842105263158,75.70526315789475,86.51052631578948,,,,,,,,,46.8421052631579,328.6875,80.22222222222223,,,,,,2023,DPR,98162,61.3,61.3
55198,2020,ED,defense,Jordan Strachan,2565.0,2903.0,1191.0,7198,0.0,0.0,0.0,0.0,0.0,74.13888888888889,81.08333333333333,51.18333333333333,34.93333333333333,72.71111111111111,,,,,,,63.333333333333336,,100.52941176470588,65.3076923076923,42.9375,,,,,,2020,DE,55198,60.2,60.2
82430,2020,ED,defense,Mohamed Diallo,846.0,889.0,0.0,1892,0.0,0.0,0.0,0.0,0.0,82.64545454545454,69.33636363636364,60.15,81.14545454545454,81.4090909090909,,,,,,,,,46.285714285714285,17.857142857142858,148.75,,,,,,2020,DE,82430,60.5,60.5
76902,2020,ED,defense,Randy Charlton,1481.0,1748.0,17.0,3499,0.0,0.0,0.0,0.0,0.0,72.04444444444444,77.85,55.3,47.900000000000006,75.61666666666666,,,,,,,,,84.1875,61.2,66.3529411764706,,,,,,2020,DE,76902,66.1,66.1
100749,2021,ED,defense,Grayson Murphy,3672.0,3946.0,56.0,8403,0.0,0.0,0.0,0.0,0.0,67.06842105263158,87.96315789473684,45.78947368421053,23.08421052631579,77.0,,,,,,,,,144.47368421052633,330.10526315789474,27.68421052631579,,,,,,2021,DE,100749,70.4,70.4
98178,2021,ED,defense,Jaylen Pate,1640.0,1970.0,26.0,3787,0.0,0.0,0.0,0.0,0.0,63.21052631578947,63.86842105263158,59.129999999999995,57.03157894736843,63.921052631578945,,,,,,,,,533.5294117647059,499.75,428.1111111111111,,,,,,2021,DE,98178,27.0,27.0
63872,2021,ED,defense,Kam Butler,4047.0,4449.0,15.0,9222,0.0,0.0,0.0,0.0,0.0,75.2421052631579,72.26842105263158,64.22631578947369,71.54736842105264,78.07894736842105,,,,,,,,,120.5,142.22222222222223,213.0,,,,,,2021,DE,63872,49.2,49.2
77133,2022,ED,defense,Patrick Joyner Jr.,2859.0,2985.0,141.0,6829,10.0,0.0,0.0,0.0,0.0,51.685,63.67999999999999,60.715789473684204,3.875,52.185,60.0,,,,,60.0,,,760.85,738.4444444444445,420.75,,,,,,2022,DE,77133,61.3,61.3
98604,2021,ED,defense,Marcus Bragg,1992.0,2315.0,93.0,4489,0.0,0.0,0.0,0.0,0.0,61.77894736842105,63.178947368421056,69.37894736842105,82.95263157894736,65.33684210526316,,,,,,,,,536.2,549.375,525.8461538461538,,,,,,2021,DE,98604,39.7,39.7
75742,2021,ED,defense,Solomon Byrd,2755.0,2733.0,71.0,5944,0.0,0.0,0.0,0.0,0.0,56.66842105263158,77.57368421052632,61.34736842105263,71.22105263157894,68.42105263157895,,,,,,,,,389.6842105263158,618.8333333333334,129.73684210526315,,,,,,2021,DE,75742,44.4,44.4
56862,2020,ED,defense,Arnold Ebiketie,2457.0,1735.0,105.0,5520,0.0,0.0,0.0,0.0,0.0,76.03999999999999,85.47333333333333,61.08571428571428,48.99333333333333,82.45333333333333,,,,,,,,,28.846153846153847,59.5,20.166666666666668,,,,,,2020,DE,56862,74.4,74.4
169977,2024,ED,defense,Matthew Fobbs-White,1655.0,1842.0,741.0,4390,0.0,0.0,0.0,0.0,0.0,66.53,80.58000000000001,54.415,65.35499999999999,73.045,,,,,,,110.0,,135.73333333333332,486.8888888888889,33.23076923076923,,,,,,2024,DPR,169977,70.1,70.1
147269,2024,ED,defense,Phillip Lee,2696.0,2053.0,812.0,6042,0.0,0.0,0.0,0.0,0.0,59.635000000000005,74.375,77.91499999999999,26.735000000000003,69.81,,,,,,,14.75,,308.45,617.3,139.57894736842104,,,,,,2024,DPR,147269,61.5,61.5
150853,2024,ED,defense,Eddie Walls III,2970.0,3565.0,152.0,7228,0.0,0.0,0.0,0.0,0.0,64.19500000000001,86.31,58.654999999999994,79.01,77.985,,,,,,,,,98.15,429.85,40.3,,,,,,2024,DPR,150853,57.8,57.8
174768,2024,ED,defense,Cian Slone,3000.0,3104.0,26.0,7148,0.0,0.0,0.0,0.0,0.0,60.11,71.045,67.17333333333333,69.655,68.16,,,,,,,,,492.6,685.2666666666667,281.625,,,,,,2024,DPR,174768,56.1,56.1
158699,2024,ED,defense,Gabe Kirschke,3558.0,4954.0,96.0,9336,0.0,0.0,0.0,0.0,0.0,72.51,70.11999999999999,63.24499999999999,73.71000000000001,74.385,,,,,,,,,167.5,200.6,243.95,,,,,,2024,DPR,158699,54.6,54.6
128416,2024,ED,defense,Sabastian Harsh,2766.0,2548.0,525.0,6409,0.0,0.0,0.0,0.0,0.0,73.33500000000001,72.5,65.375,2.8049999999999997,71.80499999999999,,,,,,,46.0,,247.05,177.95,186.4,,,,,,2024,DPR,128416,53.5,53.5
174925,2024,ED,defense,TJ Bush Jr.,3737.0,3965.0,92.0,8698,0.0,0.0,0.0,0.0,0.0,72.58,76.765,69.16,32.705,77.38,,,,,,,,,106.85,207.2,102.94736842105263,,,,,,2024,DPR,174925,51.8,51.8
100324,2024,ED,defense,Blaine Spires,1382.0,1852.0,35.0,3689,0.0,0.0,0.0,0.0,0.0,55.475,64.945,51.36,0.0,54.80499999999999,,,,,,,,,724.0,669.3333333333334,395.0833333333333,,,,,,2024,DPR,100324,46.0,46.0
147407,2024,ED,defense,Langston Hardy,3306.0,3173.0,1129.0,9829,0.0,0.0,7.0,0.0,0.0,69.215,61.05499999999999,65.925,87.81,68.275,,,60.5,,,60.0,30.894736842105264,,375.35,306.35,555.6666666666666,,,,,,2024,DPR,147407,45.5,45.5
128432,2024,ED,defense,Braden Siders,2374.0,1793.0,351.0,4931,0.0,0.0,0.0,0.0,0.0,66.725,63.48,63.11999999999999,83.88499999999999,67.72,,,,,,,,,382.3,385.75,468.7142857142857,,,,,,2024,DPR,128432,38.2,38.2
157215,2024,ED,defense,Nuer Gatkuoth,677.0,1056.0,66.0,1887,0.0,0.0,0.0,0.0,0.0,86.24666666666667,54.16,60.72666666666667,9.66,70.45333333333333,,,,,,,,,,,803.0,,,,,,2024,DPR,157215,28.9,28.9
145806,2023,ED,defense,Caiden Woullard,3836.0,5049.0,49.0,10079,0.0,0.0,0.0,0.0,0.0,64.35263157894737,79.80526315789473,65.4157894736842,77.14736842105263,76.42631578947368,,,,,,,,,133.21052631578948,449.10526315789474,78.38888888888889,,,,,,2023,DPR,145806,57.9,57.9
145655,2023,ED,defense,Cashius Howell,2764.0,2771.0,524.0,6524,0.0,0.0,0.0,0.0,0.0,60.4421052631579,84.83157894736841,36.921052631578945,23.24736842105263,65.52631578947368,,,,,,,,,474.05555555555554,594.3333333333334,49.25,,,,,,2023,DPR,145655,69.5,69.5
131903,2023,ED,defense,Cooper McDonald,3573.0,3968.0,1285.0,9714,0.0,0.0,0.0,0.0,0.0,70.46000000000001,69.685,64.17999999999999,24.759999999999998,69.31,,,,,,,51.85,,306.85,258.9,212.65,,,,,,2023,DPR,131903,35.8,35.8
144411,2023,ED,defense,Devean Deal,2234.0,2715.0,910.0,7320,0.0,0.0,7.0,0.0,0.0,67.58947368421053,72.73157894736842,67.17894736842106,36.752631578947366,70.9578947368421,,,63.8,,,60.0,38.93333333333333,,271.2105263157895,384.44444444444446,177.11111111111111,,,,,,2023,DPR,144411,54.6,54.6
97960,2023,ED,defense,Richard Kinley,2121.0,2339.0,127.0,4976,0.0,0.0,0.0,0.0,0.0,67.13157894736842,59.88421052631579,60.08571428571429,16.83684210526316,61.363157894736844,,,,,,,,,582.7857142857143,360.375,474.61538461538464,,,,,,2023,DPR,97960,42.6,42.6
145870,2023,ED,defense,George Gumbs Jr.,2442.0,2897.0,163.0,6725,7.0,0.0,14.0,0.0,0.0,62.27894736842105,58.91052631578947,75.6421052631579,67.06315789473685,64.8736842105263,60.0,,61.9,,,60.0,,,524.8333333333334,561.6470588235294,567.4444444444445,,,,,,2023,DPR,145870,34.5,34.5
144409,2023,ED,defense,Keith Cooper Jr.,2483.0,4510.0,0.0,7743,0.0,0.0,0.0,0.0,0.0,77.92105263157895,64.59473684210526,61.23529411764706,55.626315789473686,73.04736842105262,,,,,,,,,209.05263157894737,83.42105263157895,359.7894736842105,,,,,,2023,DPR,144409,36.8,36.8
156781,2023,ED,defense,Kenard Snyder,4296.0,4399.0,142.0,9485,0.0,0.0,0.0,0.0,0.0,78.87894736842105,70.8,63.47222222222222,72.08947368421053,78.51578947368421,,,,,,,,,98.26315789473684,70.42105263157895,214.35294117647058,,,,,,2023,DPR,156781,51.1,51.1
156660,2023,ED,defense,Keyron Crawford,3194.0,4063.0,17.0,7922,0.0,0.0,0.0,0.0,0.0,59.531578947368416,69.52105263157894,59.578947368421055,33.17894736842105,63.58947368421053,,,,,,,,,532.578947368421,615.0,235.68421052631578,,,,,,2023,DPR,156660,46.4,46.4
138455,2023,ED,defense,Mikail Kamara,3141.0,5384.0,321.0,9858,0.0,0.0,0.0,0.0,0.0,79.44736842105263,73.26842105263158,56.13157894736842,85.46315789473684,78.18947368421053,,,,,,,,,103.15789473684211,61.63157894736842,160.68421052631578,,,,,,2023,DPR,138455,55.1,55.1
145707,2023,ED,defense,Quindario Lee,2612.0,3017.0,0.0,6127,0.0,0.0,0.0,0.0,0.0,55.98333333333333,63.28333333333333,63.6,73.41666666666667,60.888888888888886,,,,,,,,,694.25,760.3333333333334,425.3529411764706,,,,,,2023,DPR,145707,32.6,32.6
62497,2021,ED,defense,Lonnie Phelps,1624.0,2513.0,101.0,5170,0.0,0.0,0.0,0.0,0.0,64.72105263157896,85.5,63.084210526315786,0.2473684210526316,75.41052631578947,,,,,,,,,145.3125,447.9230769230769,31.4,,,,,,2021,DE,62497,79.8,79.8
123287,2023,ED,defense,Tramel Logan,2600.0,3398.0,481.0,7088,0.0,0.0,0.0,0.0,0.0,70.5,74.51052631578948,66.88421052631578,41.94210526315789,74.3157894736842,,,,,,,,,179.21052631578948,261.22222222222223,139.78947368421052,,,,,,2023,DPR,123287,41.3,41.3
146179,2023,ED,defense,Tre Smith,4293.0,4151.0,28.0,8510,0.0,0.0,0.0,0.0,0.0,67.795,70.775,72.46000000000001,66.475,72.035,,,,,,,,,208.95,293.0,185.95,,,,,,2023,DPR,146179,54.6,54.6
145527,2023,ED,defense,Trey Moore,2584.0,3159.0,698.0,6863,0.0,0.0,0.0,0.0,0.0,58.36842105263158,78.71578947368421,72.05263157894737,88.7,74.48947368421052,,,,,,,20.363636363636363,,192.52631578947367,645.421052631579,109.21052631578948,,,,,,2023,DPR,145527,80.4,80.4
76957,2022,ED,defense,Andre Carter,4372.0,4737.0,205.0,9971,0.0,0.0,0.0,0.0,0.0,72.65789473684211,82.32631578947368,59.5,4.326315789473685,73.33157894736841,,,,,,,,,220.1578947368421,158.42105263157896,92.73684210526316,,,,,,2022,DPR,76957,78.8,78.8
77164,2022,ED,defense,Anthony Goodlow,4668.0,3937.0,0.0,9602,0.0,0.0,0.0,0.0,0.0,71.85263157894737,73.04736842105262,63.483333333333334,65.98421052631579,75.29473684210525,,,,,,,,,154.3684210526316,174.57894736842104,189.78947368421052,,,,,,2022,DPR,77164,51.4,51.4
77206,2022,ED,defense,Byron Vaughns,3500.0,3561.0,269.0,9324,20.0,0.0,7.0,0.0,0.0,64.16,76.9,74.605,17.065,71.49,60.0,,63.8,,,60.0,,,258.15,397.25,120.8,,,,9.714285714285714,,2022,DPR,77206,51.3,51.3
83724,2022,ED,defense,Daniel Grzesiak,5169.0,4796.0,313.0,12535,26.0,0.0,23.0,0.0,0.0,72.99,80.295,62.72105263157895,43.25,77.685,60.0,,79.59375,,,60.0,,,111.8,151.05,79.5,,,,3.4375,,2022,DPR,83724,75.4,75.4
125344,2022,ED,defense,Darian Varner,3512.0,3419.0,284.0,7510,0.0,0.0,0.0,0.0,0.0,68.58421052631579,69.47368421052632,53.77894736842105,85.89473684210526,70.07894736842105,,,,,,,,,319.6842105263158,335.44444444444446,281.10526315789474,,,,,,2022,DPR,125344,65.1,65.1
145374,2022,ED,defense,Deeve Harris,2074.0,2426.0,445.0,5208,0.0,0.0,0.0,0.0,0.0,55.48947368421052,65.53157894736842,57.34444444444445,68.55263157894737,59.95263157894736,,,,,,,,,660.1052631578947,649.3157894736842,406.3333333333333,,,,,,2022,DPR,145374,51.9,51.9
162609,2022,ED,defense,Eddie Kelly Jr.,2003.0,1916.0,96.0,4440,0.0,0.0,0.0,0.0,0.0,56.78947368421053,53.66315789473684,59.05555555555556,82.5578947368421,55.68947368421052,,,,,,,,,779.5882352941177,671.6875,809.3529411764706,,,,,,2022,DPR,162609,6.9,6.9
122248,2022,ED,defense,Jalen McLeod,1944.0,2651.0,390.0,5894,0.0,0.0,0.0,0.0,0.0,72.41578947368421,88.14736842105263,64.86315789473684,15.31578947368421,82.40526315789474,,,,,,,,,48.388888888888886,183.0,27.05263157894737,,,,,,2022,DPR,122248,86.8,86.8
102860,2022,ED,defense,Jamil Muhammad,3461.0,2415.0,965.0,8127,0.0,0.0,0.0,0.0,0.0,67.15263157894738,70.61578947368422,72.58947368421053,67.5,72.2578947368421,,,,,,,23.157894736842106,,237.73684210526315,358.89473684210526,252.1578947368421,,,,,,2022,DPR,102860,46.1,46.1
147092,2022,ED,defense,Josaiah Stewart,3092.0,3629.0,418.0,7829,0.0,0.0,0.0,0.0,0.0,65.65789473684211,77.19473684210527,61.849999999999994,79.63684210526316,73.76315789473684,,,,,,,,,206.57894736842104,406.7894736842105,143.38888888888889,,,,,,2022,DPR,147092,63.9,63.9
101405,2022,ED,defense,Noah Potter,2407.0,2010.0,17.0,4973,0.0,0.0,0.0,0.0,0.0,60.99473684210527,73.26842105263158,67.8157894736842,56.836842105263166,70.05263157894737,,,,,,,,,365.3888888888889,551.6666666666666,224.75,,,,,,2022,DPR,101405,48.9,48.9
77133,2022,ED,defense,Patrick Joyner Jr.,2859.0,2985.0,141.0,6829,10.0,0.0,0.0,0.0,0.0,51.685,63.67999999999999,60.715789473684204,3.875,52.185,60.0,,,,,60.0,,,760.85,738.4444444444445,420.75,,,,,,2022,DPR,77133,44.7,44.7
55198,2020,ED,defense,Jordan Strachan,2565.0,2903.0,1191.0,7198,0.0,0.0,0.0,0.0,0.0,74.13888888888889,81.08333333333333,51.18333333333333,34.93333333333333,72.71111111111111,,,,,,,63.333333333333336,,100.52941176470588,65.3076923076923,42.9375,,,,,,2020,DPR,55198,70.6,70.6
82430,2020,ED,defense,Mohamed Diallo,846.0,889.0,0.0,1892,0.0,0.0,0.0,0.0,0.0,82.64545454545454,69.33636363636364,60.15,81.14545454545454,81.4090909090909,,,,,,,,,46.285714285714285,17.857142857142858,148.75,,,,,,2020,DPR,82430,68.5,68.5
76902,2020,ED,defense,Randy Charlton,1481.0,1748.0,17.0,3499,0.0,0.0,0.0,0.0,0.0,72.04444444444444,77.85,55.3,47.900000000000006,75.61666666666666,,,,,,,,,84.1875,61.2,66.3529411764706,,,,,,2020,DPR,76902,72.2,72.2
100749,2021,ED,defense,Grayson Murphy,3672.0,3946.0,56.0,8403,0.0,0.0,0.0,0.0,0.0,67.06842105263158,87.96315789473684,45.78947368421053,23.08421052631579,77.0,,,,,,,,,144.47368421052633,330.10526315789474,27.68421052631579,,,,,,2021,DPR,100749,80.6,80.6
98178,2021,ED,defense,Jaylen Pate,1640.0,1970.0,26.0,3787,0.0,0.0,0.0,0.0,0.0,63.21052631578947,63.86842105263158,59.129999999999995,57.03157894736843,63.921052631578945,,,,,,,,,533.5294117647059,499.75,428.1111111111111,,,,,,2021,DPR,98178,19.9,19.9
63872,2021,ED,defense,Kam Butler,4047.0,4449.0,15.0,9222,0.0,0.0,0.0,0.0,0.0,75.2421052631579,72.26842105263158,64.22631578947369,71.54736842105264,78.07894736842105,,,,,,,,,120.5,142.22222222222223,213.0,,,,,,2021,DPR,63872,52.0,52.0
62497,2021,ED,defense,Lonnie Phelps,1624.0,2513.0,101.0,5170,0.0,0.0,0.0,0.0,0.0,64.72105263157896,85.5,63.084210526315786,0.2473684210526316,75.41052631578947,,,,,,,,,145.3125,447.9230769230769,31.4,,,,,,2021,DPR,62497,100.0,100.0
98604,2021,ED,defense,Marcus Bragg,1992.0,2315.0,93.0,4489,0.0,0.0,0.0,0.0,0.0,61.77894736842105,63.178947368421056,69.37894736842105,82.95263157894736,65.33684210526316,,,,,,,,,536.2,549.375,525.8461538461538,,,,,,2021,DPR,98604,34.3,34.3
75742,2021,ED,defense,Solomon Byrd,2755.0,2733.0,71.0,5944,0.0,0.0,0.0,0.0,0.0,56.66842105263158,77.57368421052632,61.34736842105263,71.22105263157894,68.42105263157895,,,,,,,,,389.6842105263158,618.8333333333334,129.73684210526315,,,,,,2021,DPR,75742,50.3,50.3
56862,2020,ED,defense,Arnold Ebiketie,2457.0,1735.0,105.0,5520,0.0,0.0,0.0,0.0,0.0,76.03999999999999,85.47333333333333,61.08571428571428,48.99333333333333,82.45333333333333,,,,,,,,,28.846153846153847,59.5,20.166666666666668,,,,,,2020,DPR,56862,75.4,75.4
174925,2024,ED,defense,TJ Bush Jr.,3737.0,3965.0,92.0,8698,0.0,0.0,0.0,0.0,0.0,72.58,76.765,69.16,32.705,77.38,,,,,,,,,106.85,207.2,102.94736842105263,,,,,,2024,DE,174925,55.6,55.6
156781,2023,ED,defense,Kenard Snyder,4296.0,4399.0,142.0,9485,0.0,0.0,0.0,0.0,0.0,78.87894736842105,70.8,63.47222222222222,72.08947368421053,78.51578947368421,,,,,,,,,98.26315789473684,70.42105263157895,214.35294117647058,,,,,,2023,DE,156781,59.6,59.6
147269,2024,ED,defense,Phillip Lee,2696.0,2053.0,812.0,6042,0.0,0.0,0.0,0.0,0.0,59.635000000000005,74.375,77.91499999999999,26.735000000000003,69.81,,,,,,,14.75,,308.45,617.3,139.57894736842104,,,,,,2024,DE,147269,52.7,52.7
169977,2024,ED,defense,Matthew Fobbs-White,1655.0,1842.0,741.0,4390,0.0,0.0,0.0,0.0,0.0,66.53,80.58000000000001,54.415,65.35499999999999,73.045,,,,,,,110.0,,135.73333333333332,486.8888888888889,33.23076923076923,,,,,,2024,DE,169977,52.2,52.2
174768,2024,ED,defense,Cian Slone,3000.0,3104.0,26.0,7148,0.0,0.0,0.0,0.0,0.0,60.11,71.045,67.17333333333333,69.655,68.16,,,,,,,,,492.6,685.2666666666667,281.625,,,,,,2024,DE,174768,52.1,52.1
150853,2024,ED,defense,Eddie Walls III,2970.0,3565.0,152.0,7228,0.0,0.0,0.0,0.0,0.0,64.19500000000001,86.31,58.654999999999994,79.01,77.985,,,,,,,,,98.15,429.85,40.3,,,,,,2024,DE,150853,51.9,51.9
158699,2024,ED,defense,Gabe Kirschke,3558.0,4954.0,96.0,9336,0.0,0.0,0.0,0.0,0.0,72.51,70.11999999999999,63.24499999999999,73.71000000000001,74.385,,,,,,,,,167.5,200.6,243.95,,,,,,2024,DE,158699,44.5,44.5
128416,2024,ED,defense,Sabastian Harsh,2766.0,2548.0,525.0,6409,0.0,0.0,0.0,0.0,0.0,73.33500000000001,72.5,65.375,2.8049999999999997,71.80499999999999,,,,,,,46.0,,247.05,177.95,186.4,,,,,,2024,DE,128416,54.8,54.8
100324,2024,ED,defense,Blaine Spires,1382.0,1852.0,35.0,3689,0.0,0.0,0.0,0.0,0.0,55.475,64.945,51.36,0.0,54.80499999999999,,,,,,,,,724.0,669.3333333333334,395.0833333333333,,,,,,2024,DE,100324,37.4,37.4
157215,2024,ED,defense,Nuer Gatkuoth,677.0,1056.0,66.0,1887,0.0,0.0,0.0,0.0,0.0,86.24666666666667,54.16,60.72666666666667,9.66,70.45333333333333,,,,,,,,,,,803.0,,,,,,2024,DE,157215,33.3,33.3
128432,2024,ED,defense,Braden Siders,2374.0,1793.0,351.0,4931,0.0,0.0,0.0,0.0,0.0,66.725,63.48,63.11999999999999,83.88499999999999,67.72,,,,,,,,,382.3,385.75,468.7142857142857,,,,,,2024,DE,128432,31.3,31.3
145806,2023,ED,defense,Caiden Woullard,3836.0,5049.0,49.0,10079,0.0,0.0,0.0,0.0,0.0,64.35263157894737,79.80526315789473,65.4157894736842,77.14736842105263,76.42631578947368,,,,,,,,,133.21052631578948,449.10526315789474,78.38888888888889,,,,,,2023,DE,145806,52.3,52.3
145655,2023,ED,defense,Cashius Howell,2764.0,2771.0,524.0,6524,0.0,0.0,0.0,0.0,0.0,60.4421052631579,84.83157894736841,36.921052631578945,23.24736842105263,65.52631578947368,,,,,,,,,474.05555555555554,594.3333333333334,49.25,,,,,,2023,DE,145655,59.1,59.1
131903,2023,ED,defense,Cooper McDonald,3573.0,3968.0,1285.0,9714,0.0,0.0,0.0,0.0,0.0,70.46000000000001,69.685,64.17999999999999,24.759999999999998,69.31,,,,,,,51.85,,306.85,258.9,212.65,,,,,,2023,DE,131903,39.4,39.4
144411,2023,ED,defense,Devean Deal,2234.0,2715.0,910.0,7320,0.0,0.0,7.0,0.0,0.0,67.58947368421053,72.73157894736842,67.17894736842106,36.752631578947366,70.9578947368421,,,63.8,,,60.0,38.93333333333333,,271.2105263157895,384.44444444444446,177.11111111111111,,,,,,2023,DE,144411,55.0,55.0
98162,2023,ED,defense,Elijah Alston,2436.0,2856.0,323.0,6339,0.0,0.0,0.0,0.0,0.0,67.49473684210527,80.93157894736842,89.86842105263158,75.70526315789475,86.51052631578948,,,,,,,,,46.8421052631579,328.6875,80.22222222222223,,,,,,2023,DE,98162,65.8,65.8
145870,2023,ED,defense,George Gumbs Jr.,2442.0,2897.0,163.0,6725,7.0,0.0,14.0,0.0,0.0,62.27894736842105,58.91052631578947,75.6421052631579,67.06315789473685,64.8736842105263,60.0,,61.9,,,60.0,,,524.8333333333334,561.6470588235294,567.4444444444445,,,,,,2023,DE,145870,32.9,32.9
121837,2023,ED,defense,Jacob Busic,936.0,1450.0,37.0,2921,0.0,0.0,0.0,0.0,0.0,60.095000000000006,76.545,59.81,80.76500000000001,71.66499999999999,,,,,,,,,189.88888888888889,471.6666666666667,71.625,,,,,,2023,DE,121837,34.2,34.2
144409,2023,ED,defense,Keith Cooper Jr.,2483.0,4510.0,0.0,7743,0.0,0.0,0.0,0.0,0.0,77.92105263157895,64.59473684210526,61.23529411764706,55.626315789473686,73.04736842105262,,,,,,,,,209.05263157894737,83.42105263157895,359.7894736842105,,,,,,2023,DE,144409,36.5,36.5
97960,2023,ED,defense,Richard Kinley,2121.0,2339.0,127.0,4976,0.0,0.0,0.0,0.0,0.0,67.13157894736842,59.88421052631579,60.08571428571429,16.83684210526316,61.363157894736844,,,,,,,,,582.7857142857143,360.375,474.61538461538464,,,,,,2023,DE,97960,44.4,44.4
156660,2023,ED,defense,Keyron Crawford,3194.0,4063.0,17.0,7922,0.0,0.0,0.0,0.0,0.0,59.531578947368416,69.52105263157894,59.578947368421055,33.17894736842105,63.58947368421053,,,,,,,,,532.578947368421,615.0,235.68421052631578,,,,,,2023,DE,156660,41.7,41.7
138455,2023,ED,defense,Mikail Kamara,3141.0,5384.0,321.0,9858,0.0,0.0,0.0,0.0,0.0,79.44736842105263,73.26842105263158,56.13157894736842,85.46315789473684,78.18947368421053,,,,,,,,,103.15789473684211,61.63157894736842,160.68421052631578,,,,,,2023,DE,138455,65.0,65.0
145707,2023,ED,defense,Quindario Lee,2612.0,3017.0,0.0,6127,0.0,0.0,0.0,0.0,0.0,55.98333333333333,63.28333333333333,63.6,73.41666666666667,60.888888888888886,,,,,,,,,694.25,760.3333333333334,425.3529411764706,,,,,,2023,DE,145707,32.4,32.4
98193,2023,ED,defense,Quindarius Dunnigan,3372.0,4152.0,110.0,8938,0.0,0.0,0.0,0.0,0.0,72.99473684210527,65.84210526315789,48.810526315789474,55.68947368421052,66.9421052631579,,,,,,,,,406.42105263157896,184.0,331.72222222222223,,,,,,2023,DE,98193,41.1,41.1
147407,2024,ED,defense,Langston Hardy,3306.0,3173.0,1129.0,9829,0.0,0.0,7.0,0.0,0.0,69.215,61.05499999999999,65.925,87.81,68.275,,,60.5,,,60.0,30.894736842105264,,375.35,306.35,555.6666666666666,,,,,,2024,DE,147407,41.6,41.6
123287,2023,ED,defense,Tramel Logan,2600.0,3398.0,481.0,7088,0.0,0.0,0.0,0.0,0.0,70.5,74.51052631578948,66.88421052631578,41.94210526315789,74.3157894736842,,,,,,,,,179.21052631578948,261.22222222222223,139.78947368421052,,,,,,2023,DE,123287,56.1,56.1
146179,2023,ED,defense,Tre Smith,4293.0,4151.0,28.0,8510,0.0,0.0,0.0,0.0,0.0,67.795,70.775,72.46000000000001,66.475,72.035,,,,,,,,,208.95,293.0,185.95,,,,,,2023,DE,146179,66.1,66.1
145527,2023,ED,defense,Trey Moore,2584.0,3159.0,698.0,6863,0.0,0.0,0.0,0.0,0.0,58.36842105263158,78.71578947368421,72.05263157894737,88.7,74.48947368421052,,,,,,,20.363636363636363,,192.52631578947367,645.421052631579,109.21052631578948,,,,,,2023,DE,145527,74.8,74.8
76957,2022,ED,defense,Andre Carter,4372.0,4737.0,205.0,9971,0.0,0.0,0.0,0.0,0.0,72.65789473684211,82.32631578947368,59.5,4.326315789473685,73.33157894736841,,,,,,,,,220.1578947368421,158.42105263157896,92.73684210526316,,,,,,2022,DE,76957,82.6,82.6
77164,2022,ED,defense,Anthony Goodlow,4668.0,3937.0,0.0,9602,0.0,0.0,0.0,0.0,0.0,71.85263157894737,73.04736842105262,63.483333333333334,65.98421052631579,75.29473684210525,,,,,,,,,154.3684210526316,174.57894736842104,189.78947368421052,,,,,,2022,DE,77164,51.0,51.0
77206,2022,ED,defense,Byron Vaughns,3500.0,3561.0,269.0,9324,20.0,0.0,7.0,0.0,0.0,64.16,76.9,74.605,17.065,71.49,60.0,,63.8,,,60.0,,,258.15,397.25,120.8,,,,9.714285714285714,,2022,DE,77206,54.3,54.3
83724,2022,ED,defense,Daniel Grzesiak,5169.0,4796.0,313.0,12535,26.0,0.0,23.0,0.0,0.0,72.99,80.295,62.72105263157895,43.25,77.685,60.0,,79.59375,,,60.0,,,111.8,151.05,79.5,,,,3.4375,,2022,DE,83724,75.0,75.0
125344,2022,ED,defense,Darian Varner,3512.0,3419.0,284.0,7510,0.0,0.0,0.0,0.0,0.0,68.58421052631579,69.47368421052632,53.77894736842105,85.89473684210526,70.07894736842105,,,,,,,,,319.6842105263158,335.44444444444446,281.10526315789474,,,,,,2022,DE,125344,66.3,66.3
145374,2022,ED,defense,Deeve Harris,2074.0,2426.0,445.0,5208,0.0,0.0,0.0,0.0,0.0,55.48947368421052,65.53157894736842,57.34444444444445,68.55263157894737,59.95263157894736,,,,,,,,,660.1052631578947,649.3157894736842,406.3333333333333,,,,,,2022,DE,145374,66.1,66.1
162609,2022,ED,defense,Eddie Kelly Jr.,2003.0,1916.0,96.0,4440,0.0,0.0,0.0,0.0,0.0,56.78947368421053,53.66315789473684,59.05555555555556,82.5578947368421,55.68947368421052,,,,,,,,,779.5882352941177,671.6875,809.3529411764706,,,,,,2022,DE,162609,14.5,14.5
122248,2022,ED,defense,Jalen McLeod,1944.0,2651.0,390.0,5894,0.0,0.0,0.0,0.0,0.0,72.41578947368421,88.14736842105263,64.86315789473684,15.31578947368421,82.40526315789474,,,,,,,,,48.388888888888886,183.0,27.05263157894737,,,,,,2022,DE,122248,83.4,83.4
102860,2022,ED,defense,Jamil Muhammad,3461.0,2415.0,965.0,8127,0.0,0.0,0.0,0.0,0.0,67.15263157894738,70.61578947368422,72.58947368421053,67.5,72.2578947368421,,,,,,,23.157894736842106,,237.73684210526315,358.89473684210526,252.1578947368421,,,,,,2022,DE,102860,47.7,47.7
147092,2022,ED,defense,Josaiah Stewart,3092.0,3629.0,418.0,7829,0.0,0.0,0.0,0.0,0.0,65.65789473684211,77.19473684210527,61.849999999999994,79.63684210526316,73.76315789473684,,,,,,,,,206.57894736842104,406.7894736842105,143.38888888888889,,,,,,2022,DE,147092,59.9,59.9
57759,2020,LB,defense,Jerry Roberts,1661.0,295.0,620.0,3113,0.0,0.0,0.0,0.0,0.0,51.86363636363637,58.809090909090905,61.063636363636355,56.86363636363637,55.7,,,,,,,,,438.6666666666667,451.6666666666667,,,,,,,2020,DE,57759,54.7,54.7
124277,2024,LB,defense,Martavius French,2995.0,818.0,3961.0,8312,0.0,0.0,0.0,0.0,0.0,66.06,66.55,61.510000000000005,52.69500000000001,65.15,,,,,,,369.1578947368421,,394.2631578947368,387.36842105263156,155.68421052631578,,,,,,2024,LB,124277,75.7,75.7
145978,2024,LB,defense,Andrew Simpson,2505.0,1382.0,2642.0,7312,0.0,0.0,0.0,0.0,0.0,76.11,70.295,68.845,85.315,77.575,,,,,,,190.15,,90.15,172.2,124.55,,,,,,2024,LB,145978,67.8,67.8
157027,2024,LB,defense,Mani Powell,2190.0,927.0,2439.0,7820,8.0,0.0,3.0,0.0,0.0,64.215,73.10499999999999,53.30499999999999,30.419999999999998,61.815,60.0,,63.79999999999999,,,60.0,536.1052631578947,,544.7222222222222,455.6111111111111,63.888888888888886,,,,23.0,,2024,LB,157027,58.3,58.3
157136,2024,LB,defense,Reginald Hughes,4715.0,2187.0,2320.0,10001,0.0,0.0,0.0,0.0,0.0,63.925,65.28,62.69500000000001,66.72999999999999,66.35,,,,,,,348.0,,366.89473684210526,463.05,160.10526315789474,,,,,,2024,LB,157136,45.1,45.1
156889,2024,LB,defense,Bryan McCoy Jr.,4957.0,401.0,4098.0,10547,0.0,0.0,0.0,0.0,0.0,64.695,61.535000000000004,59.375,16.369999999999997,62.07000000000001,,,,,,,412.3,,498.05,432.45,,,,,,,2024,LB,156889,43.6,43.6
169223,2024,LB,defense,Max Harris,2398.0,590.0,2135.0,5748,0.0,0.0,0.0,0.0,0.0,53.05499999999999,59.385000000000005,63.05499999999999,20.585,56.75,,,,,,,335.94117647058823,,640.7894736842105,655.625,264.57142857142856,,,,,,2024,LB,169223,38.2,38.2
188483,2024,LB,defense,Charles Correa,1246.0,298.0,1530.0,4908,0.0,0.0,0.0,0.0,0.0,61.025,58.870000000000005,50.455,78.1,54.42,,,,,,,640.4,,710.6666666666666,498.0,,,,,,,2024,LB,188483,36.4,36.4
173560,2024,LB,defense,Jaden Yates,5122.0,587.0,5404.0,12066,0.0,0.0,0.0,0.0,0.0,54.92,61.105000000000004,67.425,44.260000000000005,60.52,,,,,,,214.65,,530.7,628.3,219.8,,,,,,2024,LB,173560,29.7,29.7
176394,2024,LB,defense,Isaiah Chisom,3408.0,487.0,3712.0,8479,0.0,0.0,0.0,0.0,0.0,51.964999999999996,52.3,66.345,0.0,54.260000000000005,,,,,,,239.4,,668.2,696.5555555555555,214.0,,,,,,2024,LB,176394,19.8,19.8
156725,2023,LB,defense,Aiden Fisher,3220.0,979.0,5482.0,11358,0.0,0.0,0.0,0.0,0.0,60.126315789473686,76.0421052631579,71.97368421052632,77.75263157894737,68.66315789473684,,,,,,,145.5,,287.0,542.8333333333334,27.941176470588236,,,,,,2023,LB,156725,39.0,39.0
102668,2023,LB,defense,Anthony Switzer,4732.0,990.0,4354.0,12147,0.0,16.0,0.0,10.0,0.0,61.18421052631579,65.08947368421053,75.84736842105264,5.557894736842105,67.03157894736842,,58.8,,62.7,,62.125,81.55555555555556,,327.7894736842105,494.10526315789474,99.4,3.0,,,,,2023,LB,102668,46.0,46.0
146184,2023,LB,defense,Bryun Parham,4944.0,1219.0,3550.0,10577,0.0,0.0,0.0,0.0,0.0,62.835,65.15,67.97,53.32000000000001,66.885,,,,,,,211.35,,305.7,428.55,106.5,,,,,,2023,LB,146184,30.6,30.6
98123,2023,LB,defense,Dan Foster Jr.,3415.0,548.0,3171.0,7733,0.0,0.0,0.0,0.0,0.0,67.25263157894737,47.0,58.48947368421052,9.642105263157895,59.231578947368426,,,,,,,413.7368421052632,,554.9473684210526,332.2105263157895,227.0,,,,,,2023,LB,98123,33.9,33.9
99728,2023,LB,defense,Demetrius Knight Jr.,3725.0,446.0,3257.0,8454,0.0,0.0,0.0,0.0,0.0,56.72631578947368,71.32105263157894,84.46315789473684,65.94736842105263,73.34736842105262,,,,,,,30.235294117647058,,180.77777777777777,590.0,,,,,,,2023,LB,99728,37.3,37.3
148369,2023,LB,defense,Jailin Walker,2060.0,458.0,2626.0,5573,0.0,0.0,0.0,0.0,0.0,74.41052631578947,69.76315789473684,75.86842105263158,81.9421052631579,78.0421052631579,,,,,,,55.5,,69.4,150.42857142857142,,,,,,,2023,LB,148369,51.2,51.2
147163,2023,LB,defense,Kendre' Gant,3412.0,849.0,2707.0,7411,0.0,0.0,0.0,0.0,0.0,73.74736842105263,77.68947368421054,73.60000000000001,85.36842105263158,77.98947368421052,,,,,,,117.15789473684211,,85.89473684210526,237.47368421052633,14.0,,,,,,2023,LB,147163,62.3,62.3
77266,2023,LB,defense,Keye Thompson,3574.0,1121.0,4362.0,9738,0.0,0.0,0.0,0.0,0.0,69.255,70.83,50.15,71.515,62.785000000000004,,,,,,,543.15,,415.4,235.2,54.75,,,,,,2023,LB,77266,53.0,53.0
156945,2023,LB,defense,Keyshaun Elliott,4625.0,1190.0,5233.0,12248,20.0,0.0,0.0,0.0,0.0,59.769999999999996,63.315,53.235,52.14,57.275,60.0,,,,,60.0,474.05,1.5,575.2,484.5,131.85,,,1.0,,,2023,LB,156945,30.8,30.8
157870,2023,LB,defense,Khalil Jacobs,2156.0,349.0,2344.0,6351,9.0,0.0,0.0,0.0,0.0,55.5578947368421,71.20526315789475,68.5421052631579,4.184210526315789,62.36842105263158,60.0,,,,,60.0,220.4,,473.93333333333334,625.4166666666666,,,,,,,2023,LB,157870,39.7,39.7
121664,2023,LB,defense,Michael Batton,2679.0,903.0,2034.0,7728,0.0,0.0,0.0,0.0,0.0,73.57894736842105,64.9578947368421,46.17894736842105,82.44736842105263,64.89473684210526,,,,,,,643.0,,467.1764705882353,220.68421052631578,130.33333333333334,,,,,,2023,LB,121664,38.3,38.3
129582,2023,LB,defense,Nikhai Hill-Green,3246.0,400.0,3424.0,7633,0.0,0.0,0.0,0.0,0.0,64.51578947368421,67.42631578947368,72.90526315789474,20.236842105263158,69.26842105263158,,,,,,,134.72222222222223,,279.5,415.94444444444446,,,,,,,2023,LB,129582,52.7,52.7
170479,2023,LB,defense,Sam Brumfield,2960.0,1114.0,2938.0,8251,0.0,0.0,0.0,0.0,0.0,78.63684210526316,72.34736842105262,46.61052631578948,84.41052631578947,68.82631578947368,,,,,,,645.1875,,278.05882352941177,81.16666666666667,50.294117647058826,,,,,,2023,LB,170479,46.4,46.4
122396,2023,LB,defense,Stephen Dix Jr.,2492.0,529.0,2336.0,7529,0.0,0.0,0.0,0.0,0.0,82.77368421052631,61.65555555555555,77.58947368421053,57.77894736842105,84.52105263157895,,,,,,,120.83333333333333,,33.333333333333336,33.416666666666664,,,,,,,2023,LB,122396,39.0,39.0
145382,2023,LB,defense,Wayne Matthews III,5448.0,1377.0,4412.0,12594,19.0,0.0,0.0,0.0,0.0,69.15789473684211,67.82105263157894,74.06842105263158,29.426315789473687,72.43157894736842,60.0,,,,,60.0,124.10526315789474,2.0,183.57894736842104,273.7368421052632,96.38888888888889,,,1.0,,,2023,LB,145382,50.2,50.2
146160,2023,LB,defense,Zyrus Fiaseu,3884.0,1179.0,3597.0,9913,10.0,0.0,0.0,0.0,0.0,50.53,68.825,51.13,81.705,53.39,60.0,,,,,60.0,523.3,,640.65,638.65,74.25,,,,,,2023,LB,146160,35.7,35.7
101172,2022,LB,defense,AJ Vongphachanh,5712.0,1066.0,4401.0,14120,26.0,16.0,7.0,0.0,0.0,67.03999999999999,58.355,59.42999999999999,70.57000000000001,63.8,60.0,87.7,63.8,,,70.3875,371.65,,356.3,288.5,175.1,,,,8.142857142857142,,2022,LB,101172,30.0,30.0
77185,2022,LB,defense,Antonio Grier,857.0,152.0,728.0,1954,0.0,0.0,0.0,0.0,0.0,69.13684210526316,60.057894736842115,56.284210526315796,7.621052631578948,62.06842105263158,,,,,,,488.0,,391.0,226.0,,,,,,,2022,LB,77185,50.0,50.0
130573,2022,LB,defense,Daveren Rayner,3013.0,918.0,3220.0,7832,0.0,0.0,0.0,0.0,0.0,71.48421052631578,74.51052631578948,45.189473684210526,4.015789473684211,59.75789473684211,,,,,,,640.1578947368421,,513.0,241.3684210526316,49.916666666666664,,,,,,2022,LB,130573,45.8,45.8
145230,2022,LB,defense,Gaethan Bernadel,4463.0,635.0,4846.0,10962,0.0,0.0,0.0,0.0,0.0,78.13157894736842,63.694736842105264,49.47894736842105,85.8157894736842,67.0,,,,,,,592.6315789473684,,300.4736842105263,104.05263157894737,67.0,,,,,,2022,LB,145230,31.4,31.4
54193,2022,LB,defense,Jaheim Thomas,2797.0,873.0,1679.0,6374,0.0,0.0,0.0,0.0,0.0,74.72105263157896,83.44736842105263,50.46842105263158,38.44210526315789,71.01578947368421,,,,,,,614.4285714285714,,202.55555555555554,160.68421052631578,18.764705882352942,,,,,,2022,LB,54193,47.2,47.2
130354,2022,LB,defense,JB Brown,1592.0,407.0,2266.0,5093,0.0,0.0,0.0,0.0,0.0,61.073684210526324,69.84736842105262,72.4421052631579,16.289473684210527,68.63157894736842,,,,,,,118.33333333333333,,243.44444444444446,363.77777777777777,,,,,,,2022,LB,130354,52.7,52.7
98536,2022,LB,defense,Jeremiah Jean-Baptiste,2555.0,1180.0,2902.0,7315,0.0,0.0,0.0,0.0,0.0,59.77894736842105,64.71578947368421,69.4578947368421,83.46315789473684,66.53684210526316,,,,,,,200.7058823529412,,350.1666666666667,517.1111111111111,124.11764705882354,,,,,,2022,LB,98536,35.2,35.2
81342,2022,LB,defense,Larry Nixon III,3984.0,620.0,4743.0,10266,0.0,0.0,0.0,0.0,0.0,70.95,75.595,57.17,0.0,65.21000000000001,,,,,,,458.3,,345.15,215.55,22.0,,,,,,2022,LB,81342,29.6,29.6
101079,2022,LB,defense,Mannie Nunnery,2422.0,249.0,2329.0,6248,0.0,0.0,0.0,0.0,0.0,65.15,69.13888888888889,73.82222222222222,81.9,71.8,,,,,,,96.125,,181.0625,389.2352941176471,,,,,,,2022,LB,101079,31.7,31.7
77254,2022,LB,defense,Ryan Selig,4556.0,1289.0,3830.0,11364,0.0,0.0,0.0,0.0,0.0,64.29473684210525,68.92631578947368,57.40526315789474,61.45789473684211,63.70526315789474,,,,,,,457.5263157894737,,417.89473684210526,408.7368421052632,83.52631578947368,,,,,,2022,LB,77254,32.7,32.7
61500,2021,LB,defense,Daiyan Henley,3862.0,715.0,3828.0,10507,0.0,0.0,0.0,0.0,0.0,48.28947368421053,70.93157894736842,82.26315789473684,63.71052631578947,66.01052631578948,,,,,,,27.894736842105264,,311.10526315789474,635.8421052631579,96.25,,,,,,2021,LB,61500,26.4,26.4
86008,2021,LB,defense,Darius Muasau,5427.0,1666.0,5572.0,14245,0.0,0.0,0.0,0.0,0.0,61.83,83.94,58.94,48.525,67.67999999999999,,,,,,,395.45,,249.65,338.7,16.25,,,,,,2021,LB,86008,43.2,43.2
77152,2021,LB,defense,Eriq Gilyard,1441.0,310.0,937.0,2888,0.0,0.0,0.0,0.0,0.0,62.752631578947366,61.66315789473685,57.0,79.07368421052632,61.61578947368421,,,,,,,288.0,,438.6666666666667,403.1666666666667,,,,,,,2021,LB,77152,20.4,20.4
97709,2020,LB,defense,Rich Miller,487.0,43.0,400.0,1939,0.0,0.0,0.0,0.0,0.0,63.50909090909091,75.63636363636364,59.91818181818182,77.01818181818182,65.60000000000001,,,,,,,,,,,,,,,,,2020,LB,97709,48.3,48.3
58293,2020,LB,defense,Treshaun Hayward,1636.0,451.0,1564.0,3915,0.0,0.0,0.0,0.0,0.0,58.68181818181818,67.14545454545454,36.054545454545455,0.0,45.08181818181818,,,,,,,476.22222222222223,,511.22222222222223,307.75,84.625,,,,,,2020,LB,58293,41.4,41.4
101226,2021,LB,defense,Jacoby Windmon,4733.0,846.0,4839.0,11919,0.0,0.0,0.0,0.0,0.0,64.78947368421052,72.96842105263158,50.44210526315789,48.97894736842105,60.17894736842104,,,,,,,565.8421052631579,,465.36842105263156,326.63157894736844,70.53333333333333,,,,,,2021,LB,101226,50.8,50.8
121850,2021,LB,defense,Johnny Hodges,2975.0,577.0,2117.0,6385,0.0,0.0,0.0,0.0,0.0,66.77894736842104,59.36842105263158,54.41052631578947,85.61578947368422,61.71052631578947,,,,,,,471.5,,418.8888888888889,297.6111111111111,228.0,,,,,,2021,LB,121850,37.9,37.9
81272,2021,LB,defense,Lorenzo McCaskill,3756.0,682.0,2754.0,7671,0.0,0.0,0.0,0.0,0.0,64.22105263157896,54.578947368421055,62.6578947368421,26.968421052631577,61.68947368421052,,,,,,,331.7368421052632,,421.05263157894734,327.36842105263156,237.66666666666666,,,,,,2021,LB,81272,27.9,27.9
98532,2021,LB,defense,Tatum Bethune,2734.0,746.0,3280.0,7412,0.0,0.0,0.0,0.0,0.0,75.36842105263158,78.00526315789473,69.12105263157895,55.9,76.26315789473684,,,,,,,194.1764705882353,,91.82352941176471,163.30769230769232,36.0,,,,,,2021,LB,98532,42.3,42.3
55050,2021,LB,defense,Troy Brown,2532.0,307.0,3414.0,6859,0.0,0.0,0.0,0.0,0.0,75.92631578947368,62.336842105263166,84.98947368421052,79.34736842105264,82.2,,,,,,,19.210526315789473,,33.68421052631579,117.3157894736842,,,,,,,2021,LB,55050,52.0,52.0
75826,2020,LB,defense,Blaze Alldredge,1524.0,399.0,1024.0,3220,19.0,0.0,7.0,0.0,0.0,59.84615384615385,68.34615384615384,52.42307692307692,23.930769230769233,57.11538461538461,60.0,,60.5,,,60.0,294.8333333333333,,364.8888888888889,347.3333333333333,68.5,,,,,,2020,LB,75826,48.6,48.6
42679,2020,LB,defense,Isaiah Graham-Mobley,1151.0,57.0,338.0,1737,0.0,0.0,0.0,0.0,0.0,63.086666666666666,66.97999999999999,60.30666666666666,0.0,61.193333333333335,,,,,,,,,,202.5,,,,,,,2020,LB,42679,56.0,56.0
170441,2024,WR,offense,Cam Vaughn,0.0,0.0,0.0,6473,3473.0,3000.0,0.0,0.0,0.0,,,,66.72,,75.175,73.725,,,,74.565,,104.72222222222223,,,,128.66666666666666,,25.1875,,,2024,iWR,170441,65.9,65.8
147371,2022,WR,offense,Aaron Turner,0.0,0.0,0.0,7135,3364.0,3574.0,14.0,183.0,0.0,,,,34.605000000000004,,46.855000000000004,71.715,63.1,62.125,,67.465,,324.35,,,,194.6,,743.35,,15.0,2022,iWR,147371,67.6,67.6
147222,2023,WR,offense,Ashtyn Hawkins,0.0,0.0,0.0,9991,4178.0,5651.0,0.0,10.0,0.0,,,,62.46315789473684,,44.96842105263158,68.01052631578948,,63.2,,65.93684210526315,,437.4736842105263,,,,336.2631578947368,,868.8888888888889,,,2023,iWR,147222,58.2,58.2
121426,2023,WR,offense,Caullin Lacy,12.0,0.0,0.0,10582,3967.0,5583.0,0.0,0.0,0.0,60.0,,,66.88421052631578,60.0,52.96315789473684,81.20526315789475,,,,79.44736842105263,,68.42105263157895,,,,51.0,,686.0526315789474,,,2023,iWR,121426,100.0,100.0
158409,2023,WR,offense,Chris Brazzell II,0.0,0.0,0.0,7112,3315.0,3797.0,0.0,0.0,0.0,,,,72.36315789473683,,63.25789473684211,75.52631578947368,,,,75.30526315789473,,137.21052631578948,,,,141.11111111111111,,299.5,,,2023,iWR,158409,56.5,56.5
123874,2023,WR,offense,CJ Daniels,0.0,0.0,0.0,7106,3952.0,3084.0,0.0,0.0,0.0,,,,47.647368421052626,,67.23684210526316,81.64736842105263,,,,80.59473684210526,,45.166666666666664,,,,36.25,,164.5,,,2023,iWR,123874,73.2,73.2
156582,2023,WR,offense,Cyrus Allen,0.0,0.0,0.0,9190,3252.0,5354.0,0.0,9.0,0.0,,,,34.364999999999995,,64.435,68.53,,57.900000000000006,,68.01,,340.95,,,,301.8,,229.3,,,2023,iWR,156582,54.9,54.9
101711,2023,WR,offense,Dalevon Campbell,0.0,0.0,0.0,8593,3487.0,4823.0,0.0,8.0,0.0,,,,71.57368421052632,,66.7578947368421,61.11052631578948,,59.5,,61.921052631578945,,596.6315789473684,,,,578.1052631578947,,313.22222222222223,,,2023,iWR,101711,50.9,51.0
162635,2023,WR,offense,Devan Williams,0.0,0.0,0.0,7624,3875.0,3218.0,0.0,0.0,0.0,,,,65.92105263157895,,65.80526315789473,69.22105263157896,,,,69.4157894736842,,303.1578947368421,,,,314.8888888888889,,224.1578947368421,,,2023,iWR,162635,46.4,46.4
159499,2023,WR,offense,Elijah Sarratt,0.0,0.0,0.0,8784,3583.0,4729.0,0.0,7.0,0.0,,,,76.9578947368421,,60.20526315789474,79.23684210526316,,62.3,,78.7,,97.77777777777777,,,,96.55555555555556,,432.1111111111111,,,2023,iWR,159499,73.3,73.4
145976,2023,WR,offense,Eric McAlister,0.0,0.0,0.0,8008,3457.0,4487.0,0.0,0.0,0.0,,,,85.73157894736842,,54.23157894736841,79.63684210526317,,,,78.5,,84.57894736842105,,,,73.21052631578948,,702.5555555555555,,,2023,iWR,145976,63.0,63.1
145441,2023,WR,offense,Fred Farrier II,0.0,0.0,0.0,6248,2230.0,3982.0,0.0,0.0,15.0,,,,84.23157894736842,,59.421052631578945,57.81578947368421,,,58.4,58.33157894736842,,817.9444444444445,,,,750.8333333333334,,585.3333333333334,,,2023,iWR,145441,39.6,39.6
150169,2023,WR,offense,Gage Larvadain,17.0,0.0,0.0,5006,1825.0,2855.0,0.0,84.0,0.0,60.0,,,15.105263157894736,60.1,59.45789473684211,79.88947368421051,,54.12352941176471,,77.39999999999999,,82.78947368421052,,,,53.0,,467.94117647058823,,46.5,2023,iWR,150169,59.3,59.3
121550,2023,WR,offense,Isaiah Alston,0.0,0.0,0.0,2831,1524.0,1271.0,0.0,0.0,0.0,,,,82.33157894736841,,62.81052631578948,68.26842105263158,,,,68.56315789473683,,293.77777777777777,,,,250.0,,275.6666666666667,,,2023,iWR,121550,42.2,42.3
124211,2023,WR,offense,Ja'Mori Maclin,0.0,0.0,0.0,10622,4158.0,6464.0,0.0,0.0,0.0,,,,72.0578947368421,,57.01578947368421,69.20526315789473,,,,68.70526315789475,,330.5263157894737,,,,299.42105263157896,,585.9444444444445,,,2023,iWR,124211,67.1,67.2
123689,2023,WR,offense,Jabre Barber,15.0,0.0,0.0,7326,1903.0,4484.0,0.0,29.0,11.0,60.0,,,63.18421052631579,60.1,60.421052631578945,74.33684210526316,,65.16363636363636,71.6625,74.2421052631579,,167.05263157894737,,,,162.72222222222223,,424.47058823529414,,,2023,iWR,123689,73.6,73.6
157518,2023,WR,offense,Jacoby Jones,0.0,0.0,0.0,1780,746.0,1034.0,0.0,0.0,0.0,,,,80.77222222222223,,61.516666666666666,73.39999999999999,,,,73.97777777777779,,212.0,,,,249.5,,342.0,,,2023,iWR,157518,40.6,40.7
147081,2023,WR,offense,Jared Brown,31.0,0.0,0.0,7436,2248.0,4538.0,0.0,189.0,0.0,61.875,,,83.93157894736842,61.96875,58.13157894736842,71.49473684210525,,88.48421052631579,,75.78421052631579,,136.8421052631579,,,,227.68421052631578,,537.0,,3.75,2023,iWR,147081,71.1,71.2
97278,2023,WR,offense,Javon Harvey,0.0,0.0,0.0,5368,2008.0,2697.0,0.0,0.0,0.0,,,,41.76842105263158,,55.98421052631579,65.02631578947368,,,,64.10000000000001,,599.3846153846154,,,,542.3636363636364,,797.2727272727273,,,2023,iWR,97278,58.1,58.1
98556,2023,WR,offense,Jayden Harrison,0.0,0.0,0.0,5975,2034.0,3041.0,0.0,11.0,0.0,,,,63.96315789473684,,69.10526315789474,60.71052631578947,,63.2,,62.031578947368416,,668.2352941176471,,,,665.625,,196.0,,,2023,iWR,98556,41.2,41.2
156940,2023,WR,offense,Jonathan Brady,0.0,0.0,0.0,6328,1784.0,3753.0,0.0,92.0,0.0,,,,82.53999999999999,,54.135000000000005,72.675,,60.94500000000001,,71.74,,201.35,,,,173.75,,533.1818181818181,,,2023,iWR,156940,63.0,63.0
163334,2023,WR,offense,Justus Ross-Simmons,0.0,0.0,0.0,9403,3084.0,5840.0,17.0,0.0,0.0,,,,84.08947368421053,,71.49473684210525,62.76315789473684,61.9,,,64.01578947368421,,523.3684210526316,,,,535.578947368421,,65.94117647058823,,,2023,iWR,163334,54.5,54.5
157878,2023,WR,offense,Kelly Akharaiyi,0.0,0.0,0.0,10642,4858.0,5005.0,0.0,15.0,0.0,,,,53.145,,67.865,73.13,,63.0,,73.225,,182.45,,,,182.7,,168.4,,,2023,iWR,157878,62.2,62.3
97659,2023,WR,offense,Kris Mitchell,0.0,0.0,0.0,9412,3816.0,5576.0,0.0,13.0,0.0,,,,84.4,,63.620000000000005,75.115,,59.60000000000001,,75.24,,96.45,,,,99.85,,256.0,,,2023,iWR,97659,73.9,73.9
123616,2023,WR,offense,LaJohntay Wester,14.0,0.0,10.0,9590,2905.0,5833.0,0.0,90.0,0.0,60.0,,60.0,67.3157894736842,62.07142857142857,46.88947368421052,82.25263157894737,,70.36315789473683,,79.50526315789473,,65.47368421052632,,,,47.578947368421055,,865.2941176470588,,,2023,iWR,123616,85.7,85.7
125264,2023,WR,offense,Micah Davis,10.0,0.0,0.0,8625,2905.0,3978.0,0.0,0.0,16.0,60.0,,,86.09473684210526,60.0,54.01052631578948,74.87894736842105,,,60.4,73.98947368421052,,162.42105263157896,,,,139.89473684210526,,649.7647058823529,,,2023,iWR,125264,52.8,52.8
145887,2023,WR,offense,Miles Cross,0.0,0.0,0.0,8129,3474.0,4627.0,8.0,0.0,8.0,,,,85.75,,62.92,65.08500000000001,37.88421052631579,,60.4,65.43,,411.4,,,,402.95,,283.1,,,2023,iWR,145887,51.4,51.4
123858,2023,WR,offense,Robert Lewis,0.0,0.0,0.0,10048,5074.0,4632.0,0.0,0.0,0.0,,,,86.41052631578947,,61.58947368421053,74.93157894736842,,,,74.73684210526316,,146.52631578947367,,,,151.55555555555554,,357.42105263157896,,,2023,iWR,123858,63.5,63.6
145189,2023,WR,offense,Tony Johnson,0.0,0.0,0.0,8807,3062.0,5347.0,13.0,7.0,0.0,,,,85.56315789473685,,61.194736842105264,58.25789473684211,61.89999999999999,57.5,,58.978947368421046,,762.5263157894736,,,,701.2105263157895,,374.7894736842105,,,2023,iWR,145189,48.7,48.7
163133,2023,WR,offense,Trell Harris,0.0,0.0,0.0,6324,2898.0,3041.0,0.0,0.0,0.0,,,,63.642105263157895,,68.58421052631579,68.94736842105263,,,,69.46315789473684,,312.8421052631579,,,,309.6842105263158,,120.47368421052632,,,2023,iWR,163133,39.7,39.7
98743,2022,WR,offense,Bradley Rozner,0.0,0.0,0.0,8780,3488.0,5281.0,0.0,0.0,0.0,,,,62.50526315789473,,61.46315789473684,67.41578947368421,,,,67.12105263157895,,359.1578947368421,,,,320.3333333333333,,364.2631578947368,,,2022,iWR,98743,63.3,63.3
97276,2022,WR,offense,Corey Crooms Jr.,0.0,0.0,0.0,10681,4789.0,5697.0,0.0,26.0,0.0,,,,84.48947368421052,,61.86842105263158,74.25263157894737,,55.900000000000006,,73.56315789473685,,168.3684210526316,,,,156.3684210526316,,354.2105263157895,,,2022,iWR,97276,68.7,68.7
97665,2022,WR,offense,Dante Cephas,0.0,0.0,0.0,8145,4230.0,3883.0,0.0,32.0,0.0,,,,71.5421052631579,,67.28421052631579,81.5,,62.55555555555556,,81.14736842105263,,43.21052631578947,,,,44.8421052631579,,167.89473684210526,,,2022,iWR,97665,63.9,63.9
157480,2022,WR,offense,Darius Lassiter,0.0,0.0,0.0,6804,2737.0,3886.0,0.0,0.0,0.0,,,,38.77368421052632,,52.694736842105264,64.86842105263158,,,,63.48421052631579,,548.8888888888889,,,,456.5,,660.8235294117648,,,2022,iWR,157480,54.6,54.6
145773,2022,WR,offense,Devontez Walker,0.0,0.0,0.0,10126,5206.0,4860.0,0.0,41.0,0.0,,,,56.76315789473684,,53.915789473684214,71.83684210526316,,63.739999999999995,,69.98947368421052,,276.94736842105266,,,,218.94736842105263,,635.1578947368421,,,2022,iWR,145773,67.3,67.3
121734,2022,WR,offense,EJ Horton Jr.,0.0,0.0,0.0,4619,1133.0,1235.0,0.0,26.0,0.0,,,,79.2578947368421,,50.626315789473686,58.747368421052634,,59.6,,56.231578947368426,,822.1428571428571,,,,,,673.3333333333334,,,2022,iWR,121734,38.9,38.9
145575,2022,WR,offense,Elijah Spencer,0.0,0.0,0.0,10201,3287.0,6258.0,32.0,0.0,0.0,,,,76.015,,59.044999999999995,76.12,63.2,,,75.485,,94.25,,,,90.35,,492.4,33.666666666666664,,2022,iWR,145575,80.6,80.6
84401,2022,WR,offense,Isaiah Hamilton,0.0,0.0,0.0,1539,271.0,857.0,0.0,19.0,0.0,,,,76.22105263157896,,59.821052631578944,61.43684210526315,,63.4,,63.36842105263158,,,,,,,,,,,2022,iWR,84401,60.4,60.4
100894,2021,WR,offense,Jacob Cowing,0.0,0.0,0.0,8644,4059.0,4551.0,0.0,34.0,0.0,,,,84.97999999999999,,62.595000000000006,87.94,,74.62142857142858,,87.97999999999999,,12.65,,,,11.45,,249.0,,,2021,iWR,100894,67.2,78.3
61705,2021,WR,offense,Jadan Blue,0.0,0.0,0.0,6142,2135.0,3632.0,0.0,43.0,0.0,,,,84.57368421052632,,50.82105263157895,59.09473684210526,,55.07058823529411,,57.98421052631579,,769.3157894736842,,,,615.578947368421,,600.9090909090909,,,2021,iWR,61705,43.6,48.8
78085,2021,WR,offense,Jaylon Robinson,0.0,0.0,0.0,3925,1355.0,2507.0,0.0,0.0,0.0,,,,47.02631578947368,,73.10000000000001,75.40526315789474,,,,76.21052631578948,,136.88888888888889,,,,141.625,,35.6,,,2021,iWR,78085,49.4,56.1
145598,2021,WR,offense,Konata Mumpfield,0.0,0.0,0.0,9622,3173.0,6167.0,0.0,0.0,9.0,,,,77.30526315789473,,60.6578947368421,74.51578947368421,,,50.8,73.98947368421052,,174.89473684210526,,,,151.8421052631579,,324.05263157894734,,,2021,iWR,145598,56.6,65.1
122646,2021,WR,offense,Kyren Lacy,0.0,0.0,0.0,5341,2671.0,2670.0,0.0,0.0,0.0,,,,83.72105263157896,,64.48947368421052,64.95263157894736,,,,65.78947368421052,,435.7368421052632,,,,416.63157894736844,,234.22222222222223,,,2021,iWR,122646,44.5,49.9
61271,2021,WR,offense,Matt Landers,0.0,0.0,0.0,2519,878.0,1267.0,0.0,0.0,0.0,,,,80.06666666666666,,63.96666666666667,64.4,,,,64.76111111111112,,,,,,,,,,,2021,iWR,61271,49.9,56.7
123470,2021,WR,offense,Mitchell Tinsley,0.0,0.0,0.0,8879,2061.0,6652.0,0.0,0.0,0.0,,,,49.13157894736842,,48.24736842105263,73.77894736842104,,,,72.08421052631579,,227.66666666666666,,,,170.33333333333334,,645.9166666666666,,,2021,iWR,123470,70.1,82.0
144464,2021,WR,offense,Titus Mokiao-Atimalala,19.0,0.0,0.0,3873,868.0,1190.0,0.0,0.0,0.0,60.0,,,81.43157894736842,60.0,62.305263157894736,56.63157894736842,,,,57.51578947368421,,552.5,,,,395.0,,,,,2021,iWR,144464,39.8,44.1
97867,2020,WR,offense,Broc Thompson,0.0,0.0,0.0,2853,1528.0,1152.0,0.0,0.0,0.0,,,,81.875,,63.779999999999994,73.0,,,,73.53999999999999,,31.25,,,,,,42.0,,,2020,iWR,97867,36.0,44.6
41966,2020,WR,offense,Devaughn Cooper,0.0,0.0,0.0,3908,1483.0,2425.0,0.0,0.0,0.0,,,,31.340000000000003,,68.49,60.205,,,,60.545,,328.6111111111111,,,,354.7894736842105,,19.333333333333332,,,2020,iWR,41966,32.1,39.8
102929,2020,WR,offense,Kaylon Geiger,0.0,0.0,0.0,6654,1664.0,4512.0,0.0,44.0,0.0,,,,86.02777777777777,,41.30555555555556,65.84444444444445,,60.650000000000006,,64.12777777777778,,240.4375,,,,221.47058823529412,,,,,2020,iWR,102929,62.7,77.9
38411,2020,WR,offense,Melquise Stovall,0.0,0.0,0.0,2374,520.0,1337.0,34.0,44.0,18.0,,,,60.00769230769231,,56.79230769230769,62.91538461538461,17.96666666666667,65.625,84.62727272727273,64.82307692307693,,267.5,,,,327.14285714285717,,,,,2020,iWR,38411,39.6,49.1
97288,2020,WR,offense,Tahj Washington,0.0,0.0,0.0,8632,2458.0,4703.0,0.0,33.0,0.0,,,,49.005,,63.375,58.975,,62.44615384615384,,59.2,,281.1333333333333,,,,322.7857142857143,,113.33333333333333,,,2020,iWR,97288,54.5,67.7
97287,2020,WR,offense,Trevor Wilson,0.0,0.0,0.0,856,463.0,352.0,0.0,0.0,0.0,,,,0.0,,58.945454545454545,83.32727272727273,,,,79.7909090909091,,,,,,,,,,,2020,iWR,97287,45.9,56.9
40691,2019,WR,offense,Keith Corbin,0.0,0.0,0.0,3205,1421.0,1644.0,0.0,0.0,0.0,,,,81.8578947368421,,45.589473684210525,69.85263157894737,,,,67.3842105263158,,242.8,,,,160.375,,515.7142857142857,,,2019,iWR,40691,51.6,50.6
78198,2019,WR,offense,Shane Hooks,0.0,0.0,0.0,5840,2958.0,2854.0,0.0,0.0,0.0,,,,11.668421052631578,,64.88421052631578,69.50526315789473,,,,68.02631578947368,,259.4736842105263,,,,207.33333333333334,,194.3684210526316,,,2019,iWR,78198,55.5,54.6
123583,2022,WR,offense,Jadon Thompson,0.0,0.0,0.0,6126,2429.0,3313.0,0.0,0.0,0.0,,,,84.29473684210525,,64.99473684210527,60.89473684210526,,,,61.852631578947374,,631.0,,,,640.3333333333334,,260.0,,,2022,iWR,123583,47.6,47.6
97399,2022,WR,offense,Jamari Thrash,0.0,0.0,0.0,11546,6140.0,5331.0,0.0,0.0,0.0,,,,42.194736842105264,,67.92631578947368,78.14736842105263,,,,77.34736842105262,,85.10526315789474,,,,80.52631578947368,,138.6315789473684,,,2022,iWR,97399,71.7,71.7
121811,2022,WR,offense,Jaylin Lane,3.0,0.0,0.0,9509,3061.0,5012.0,0.0,26.0,0.0,60.0,,,88.19999999999999,60.1,50.17777777777778,74.72222222222223,,61.07333333333334,,73.57222222222222,,180.05555555555554,,,,155.22222222222223,,734.6111111111111,,,2022,iWR,121811,71.3,71.3
144483,2022,WR,offense,Jimmy Horn Jr.,0.0,0.0,0.0,6745,2519.0,3275.0,0.0,124.0,0.0,,,,82.30526315789473,,56.98421052631579,69.32631578947368,,69.34210526315789,,70.10000000000001,,269.6666666666667,,,,284.05555555555554,,540.125,,,2022,iWR,144483,64.9,64.9
97061,2022,WR,offense,Josh Kelly,0.0,0.0,0.0,2897,865.0,2021.0,0.0,0.0,0.0,,,,20.915789473684214,,66.30526315789473,62.136842105263156,,,,62.33157894736842,,567.0,,,,538.5555555555555,,,,,2022,iWR,97061,46.8,46.8
128408,2022,WR,offense,Joshua Hardeman,0.0,0.0,0.0,8476,4426.0,3953.0,12.0,0.0,0.0,,,,85.465,,62.760000000000005,62.98,61.0,,,63.58,,495.1,,,,489.35,,301.35,,,2022,iWR,128408,51.7,51.7
147370,2022,WR,offense,Keelan Marion,0.0,0.0,0.0,826,422.0,364.0,0.0,0.0,0.0,,,,64.315,,67.935,72.47,,,,74.35,,,,,,,,4.0,,,2022,iWR,147370,34.3,34.3
128374,2022,WR,offense,Kyle Williams,0.0,0.0,0.0,6104,2230.0,3841.0,0.0,8.0,9.0,,,,84.37,,60.925,69.25500000000001,,63.1,75.8,69.465,,269.85,,,,273.75,,331.8235294117647,,,2022,iWR,128374,56.5,56.5
74267,2022,WR,offense,Melquan Stovall,0.0,0.0,0.0,3174,869.0,2143.0,0.0,0.0,0.0,,,,80.88421052631578,,31.942105263157895,61.86315789473684,,,,57.357894736842105,,745.5555555555555,,,,506.2,,714.0,,,2022,iWR,74267,42.5,42.5
101139,2022,WR,offense,Ryan O'Keefe,0.0,0.0,0.0,9649,3996.0,4691.0,24.0,239.0,30.0,,,,78.35263157894737,,67.28421052631579,64.73157894736842,64.5,76.83157894736841,51.637499999999996,68.15263157894738,,339.5263157894737,,,,443.89473684210526,,164.1578947368421,,5.0,2022,iWR,101139,69.8,69.8
123709,2022,WR,offense,Tez Johnson,0.0,0.0,0.0,4372,968.0,2941.0,0.0,61.0,18.0,,,,81.10000000000001,,55.04736842105264,84.72631578947369,,53.21052631578947,72.67999999999999,84.22105263157896,,4.214285714285714,,,,3.4,,,,,2022,iWR,123709,73.1,73.1
122676,2022,WR,offense,Tre Harris,0.0,0.0,0.0,8966,3301.0,5423.0,30.0,76.0,17.0,,,,84.75263157894737,,50.94736842105263,75.13684210526316,70.33333333333333,62.21052631578947,27.5,72.14736842105263,,229.10526315789474,,,,150.78947368421052,,707.1666666666666,6.0,,2022,iWR,122676,70.2,70.2
109628,2022,WR,offense,Tyrese Chambers,0.0,0.0,0.0,7217,2349.0,4462.0,0.0,10.0,0.0,,,,70.08421052631579,,52.27894736842105,69.09473684210526,,63.2,,68.47894736842105,,323.7894736842105,,,,290.57894736842104,,703.4705882352941,,,2022,iWR,109628,53.7,53.7
100273,2022,WR,offense,Tyrone Broden,0.0,0.0,0.0,6626,1757.0,4781.0,0.0,0.0,0.0,,,,73.0,,61.3421052631579,59.43684210526315,,,,59.72105263157895,,728.3333333333334,,,,669.0,,375.2142857142857,,,2022,iWR,100273,50.4,50.4
144234,2022,WR,offense,Will Pauling,0.0,0.0,0.0,1459,477.0,834.0,18.0,3.0,0.0,,,,28.40526315789474,,45.91052631578947,69.95263157894736,63.099999999999994,57.70000000000001,,67.2578947368421,,,,,,,,,24.0,,2022,iWR,144234,44.6,44.6
101130,2022,WR,offense,Xavier Weaver,0.0,0.0,0.0,6881,3203.0,3515.0,0.0,9.0,0.0,,,,85.43157894736842,,55.94736842105263,75.60526315789474,,59.5,,74.76315789473684,,134.6315789473684,,,,119.73684210526316,,530.3333333333334,,,2022,iWR,101130,61.7,61.7
97620,2022,WR,offense,Zakhari Franklin,0.0,0.0,0.0,11849,4692.0,7092.0,0.0,0.0,12.0,,,,77.14736842105263,,56.71052631578947,73.91052631578947,,,60.0,73.1263157894737,,174.52631578947367,,,,157.0,,526.9473684210526,,,2022,iWR,97620,85.1,85.1
98847,2021,WR,offense,Bub Means,0.0,0.0,0.0,6211,2236.0,3227.0,0.0,11.0,13.0,,,,68.32105263157894,,69.67894736842106,71.67368421052632,,57.5,60.39999999999999,72.17368421052632,,230.0,,,,229.94444444444446,,105.88888888888889,,,2021,iWR,98847,44.5,49.9
174167,2024,WR,offense,Carlos Hernandez,0.0,0.0,0.0,3202,1297.0,1905.0,0.0,0.0,0.0,,,,83.97142857142856,,60.02142857142858,65.55,,,,65.72857142857143,,390.44444444444446,,,,392.625,,361.2857142857143,,,2024,oWR,174167,55.7,55.7
173349,2024,WR,offense,Amare Thomas,0.0,0.0,0.0,7796,2738.0,4993.0,0.0,50.0,0.0,,,,84.88,,55.504999999999995,64.625,,52.794736842105266,,63.605,,495.15,,,,428.35,,533.95,,,2024,oWR,173349,66.6,66.6
190753,2024,WR,offense,Joseph Williams,0.0,0.0,0.0,5893,2408.0,2985.0,0.0,11.0,0.0,,,,83.02000000000001,,66.735,64.5578947368421,,63.3,,65.58000000000001,,278.0769230769231,,,,242.8181818181818,,83.33333333333333,,,2024,oWR,190753,54.7,54.7
158022,2024,WR,offense,Reggie Virgil,0.0,0.0,0.0,7920,2565.0,5075.0,17.0,0.0,0.0,,,,76.26,,51.464999999999996,64.095,65.82222222222224,,,63.5,,479.0,,,,446.2,,638.25,,,2024,oWR,158022,61.3,61.3
173459,2024,WR,offense,Caleb Goodie,0.0,0.0,0.0,7494,3199.0,3223.0,0.0,72.0,0.0,,,,50.364999999999995,,60.089999999999996,60.720000000000006,,70.23684210526316,,61.79,,634.9444444444445,,,,639.0555555555555,,405.55555555555554,,,2024,oWR,173459,62.9,62.9
157048,2024,WR,offense,Omari Kelly,0.0,0.0,11.0,8401,2514.0,5303.0,17.0,23.0,0.0,,,60.0,85.14,62.4,63.42999999999999,70.675,61.0,58.5,,70.94,,213.65,,,,220.55,,241.65,,,2024,oWR,157048,66.2,66.2
144279,2024,WR,offense,Eric Rivers,0.0,0.0,0.0,8129,3341.0,4772.0,9.0,0.0,0.0,,,,83.89,,53.67999999999999,75.67999999999999,61.900000000000006,,,74.53999999999999,,173.75,,,,160.05,,641.2777777777778,,,2024,oWR,144279,70.3,70.3
97105,2024,WR,offense,Cam Ross,0.0,0.0,0.0,9390,3990.0,5017.0,0.0,59.0,0.0,,,,85.8,,60.19,57.17999999999999,,69.935,,59.27,,702.05,,,,728.3,,357.75,,,2024,oWR,97105,54.8,54.8
146913,2024,WR,offense,O'Mega Blake,0.0,0.0,0.0,5059,1485.0,3497.0,0.0,0.0,0.0,,,,22.009999999999998,,47.075,72.41499999999999,,,,70.03,,246.38888888888889,,,,207.52631578947367,,,,,2024,oWR,146913,75.1,75.1
174068,2024,WR,offense,Jacob De Jesus,15.0,0.0,9.0,6139,1964.0,2629.0,14.0,202.0,0.0,60.0,,60.0,82.245,61.440000000000005,63.335,78.535,70.0,68.41499999999999,,78.795,,72.38888888888889,,,,81.3125,,208.25,,,2024,oWR,174068,65.2,65.2
174143,2024,WR,offense,DT Sheffield,0.0,0.0,0.0,8469,2092.0,5202.0,0.0,32.0,0.0,,,,13.985000000000003,,37.765,76.22,,80.69999999999999,,73.47999999999999,,153.0,,,,106.3,,801.6315789473684,,,2024,oWR,174143,67.4,67.4
97321,2024,WR,offense,Ryan Davis,0.0,0.0,0.0,10086,4270.0,5480.0,10.0,0.0,0.0,,,,13.904761904761905,,61.94285714285714,69.16190476190476,54.1,,,67.60952380952381,,289.6190476190476,,,,235.52380952380952,,269.75,,,2024,oWR,97321,70.0,70.0
168441,2024,WR,offense,Kole Wilson,0.0,0.0,0.0,11531,4596.0,5535.0,0.0,13.0,0.0,,,,84.44500000000001,,62.625,59.82000000000001,,59.60000000000001,,60.42999999999999,,662.65,,,,632.9,,327.7,,,2024,oWR,168441,62.6,62.6
163139,2024,WR,offense,Chrishon McCray,0.0,0.0,0.0,7060,2617.0,4317.0,0.0,27.0,12.0,,,,84.71000000000001,,66.80499999999999,73.01,,63.95,50.1,73.36,,167.95,,,,182.35,,149.75,,,2024,oWR,163139,56.8,56.8
170441,2024,WR,offense,Cam Vaughn,0.0,0.0,0.0,6473,3473.0,3000.0,0.0,0.0,0.0,,,,66.72,,75.175,73.725,,,,74.565,,104.72222222222223,,,,128.66666666666666,,25.1875,,,2024,oWR,170441,75.9,75.9
147371,2022,WR,offense,Aaron Turner,0.0,0.0,0.0,7135,3364.0,3574.0,14.0,183.0,0.0,,,,34.605000000000004,,46.855000000000004,71.715,63.1,62.125,,67.465,,324.35,,,,194.6,,743.35,,15.0,2022,oWR,147371,64.7,64.7
147222,2023,WR,offense,Ashtyn Hawkins,0.0,0.0,0.0,9991,4178.0,5651.0,0.0,10.0,0.0,,,,62.46315789473684,,44.96842105263158,68.01052631578948,,63.2,,65.93684210526315,,437.4736842105263,,,,336.2631578947368,,868.8888888888889,,,2023,oWR,147222,53.8,53.8
121426,2023,WR,offense,Caullin Lacy,12.0,0.0,0.0,10582,3967.0,5583.0,0.0,0.0,0.0,60.0,,,66.88421052631578,60.0,52.96315789473684,81.20526315789475,,,,79.44736842105263,,68.42105263157895,,,,51.0,,686.0526315789474,,,2023,oWR,121426,100.0,100.0
158409,2023,WR,offense,Chris Brazzell II,0.0,0.0,0.0,7112,3315.0,3797.0,0.0,0.0,0.0,,,,72.36315789473683,,63.25789473684211,75.52631578947368,,,,75.30526315789473,,137.21052631578948,,,,141.11111111111111,,299.5,,,2023,oWR,158409,51.1,51.1
123874,2023,WR,offense,CJ Daniels,0.0,0.0,0.0,7106,3952.0,3084.0,0.0,0.0,0.0,,,,47.647368421052626,,67.23684210526316,81.64736842105263,,,,80.59473684210526,,45.166666666666664,,,,36.25,,164.5,,,2023,oWR,123874,70.7,70.7
156582,2023,WR,offense,Cyrus Allen,0.0,0.0,0.0,9190,3252.0,5354.0,0.0,9.0,0.0,,,,34.364999999999995,,64.435,68.53,,57.900000000000006,,68.01,,340.95,,,,301.8,,229.3,,,2023,oWR,156582,48.9,48.9
101711,2023,WR,offense,Dalevon Campbell,0.0,0.0,0.0,8593,3487.0,4823.0,0.0,8.0,0.0,,,,71.57368421052632,,66.7578947368421,61.11052631578948,,59.5,,61.921052631578945,,596.6315789473684,,,,578.1052631578947,,313.22222222222223,,,2023,oWR,101711,52.8,52.8
162635,2023,WR,offense,Devan Williams,0.0,0.0,0.0,7624,3875.0,3218.0,0.0,0.0,0.0,,,,65.92105263157895,,65.80526315789473,69.22105263157896,,,,69.4157894736842,,303.1578947368421,,,,314.8888888888889,,224.1578947368421,,,2023,oWR,162635,49.7,49.7
159499,2023,WR,offense,Elijah Sarratt,0.0,0.0,0.0,8784,3583.0,4729.0,0.0,7.0,0.0,,,,76.9578947368421,,60.20526315789474,79.23684210526316,,62.3,,78.7,,97.77777777777777,,,,96.55555555555556,,432.1111111111111,,,2023,oWR,159499,58.3,58.3
145976,2023,WR,offense,Eric McAlister,0.0,0.0,0.0,8008,3457.0,4487.0,0.0,0.0,0.0,,,,85.73157894736842,,54.23157894736841,79.63684210526317,,,,78.5,,84.57894736842105,,,,73.21052631578948,,702.5555555555555,,,2023,oWR,145976,64.2,64.2
145441,2023,WR,offense,Fred Farrier II,0.0,0.0,0.0,6248,2230.0,3982.0,0.0,0.0,15.0,,,,84.23157894736842,,59.421052631578945,57.81578947368421,,,58.4,58.33157894736842,,817.9444444444445,,,,750.8333333333334,,585.3333333333334,,,2023,oWR,145441,44.4,44.4
150169,2023,WR,offense,Gage Larvadain,17.0,0.0,0.0,5006,1825.0,2855.0,0.0,84.0,0.0,60.0,,,15.105263157894736,60.1,59.45789473684211,79.88947368421051,,54.12352941176471,,77.39999999999999,,82.78947368421052,,,,53.0,,467.94117647058823,,46.5,2023,oWR,150169,52.9,52.9
121550,2023,WR,offense,Isaiah Alston,0.0,0.0,0.0,2831,1524.0,1271.0,0.0,0.0,0.0,,,,82.33157894736841,,62.81052631578948,68.26842105263158,,,,68.56315789473683,,293.77777777777777,,,,250.0,,275.6666666666667,,,2023,oWR,121550,41.5,41.5
124211,2023,WR,offense,Ja'Mori Maclin,0.0,0.0,0.0,10622,4158.0,6464.0,0.0,0.0,0.0,,,,72.0578947368421,,57.01578947368421,69.20526315789473,,,,68.70526315789475,,330.5263157894737,,,,299.42105263157896,,585.9444444444445,,,2023,oWR,124211,59.4,59.4
123689,2023,WR,offense,Jabre Barber,15.0,0.0,0.0,7326,1903.0,4484.0,0.0,29.0,11.0,60.0,,,63.18421052631579,60.1,60.421052631578945,74.33684210526316,,65.16363636363636,71.6625,74.2421052631579,,167.05263157894737,,,,162.72222222222223,,424.47058823529414,,,2023,oWR,123689,52.8,52.8
157518,2023,WR,offense,Jacoby Jones,0.0,0.0,0.0,1780,746.0,1034.0,0.0,0.0,0.0,,,,80.77222222222223,,61.516666666666666,73.39999999999999,,,,73.97777777777779,,212.0,,,,249.5,,342.0,,,2023,oWR,157518,45.9,45.9
147081,2023,WR,offense,Jared Brown,31.0,0.0,0.0,7436,2248.0,4538.0,0.0,189.0,0.0,61.875,,,83.93157894736842,61.96875,58.13157894736842,71.49473684210525,,88.48421052631579,,75.78421052631579,,136.8421052631579,,,,227.68421052631578,,537.0,,3.75,2023,oWR,147081,63.8,63.8
97278,2023,WR,offense,Javon Harvey,0.0,0.0,0.0,5368,2008.0,2697.0,0.0,0.0,0.0,,,,41.76842105263158,,55.98421052631579,65.02631578947368,,,,64.10000000000001,,599.3846153846154,,,,542.3636363636364,,797.2727272727273,,,2023,oWR,97278,74.2,74.2
98556,2023,WR,offense,Jayden Harrison,0.0,0.0,0.0,5975,2034.0,3041.0,0.0,11.0,0.0,,,,63.96315789473684,,69.10526315789474,60.71052631578947,,63.2,,62.031578947368416,,668.2352941176471,,,,665.625,,196.0,,,2023,oWR,98556,43.3,43.3
156940,2023,WR,offense,Jonathan Brady,0.0,0.0,0.0,6328,1784.0,3753.0,0.0,92.0,0.0,,,,82.53999999999999,,54.135000000000005,72.675,,60.94500000000001,,71.74,,201.35,,,,173.75,,533.1818181818181,,,2023,oWR,156940,50.7,50.7
163334,2023,WR,offense,Justus Ross-Simmons,0.0,0.0,0.0,9403,3084.0,5840.0,17.0,0.0,0.0,,,,84.08947368421053,,71.49473684210525,62.76315789473684,61.9,,,64.01578947368421,,523.3684210526316,,,,535.578947368421,,65.94117647058823,,,2023,oWR,163334,55.7,55.7
157878,2023,WR,offense,Kelly Akharaiyi,0.0,0.0,0.0,10642,4858.0,5005.0,0.0,15.0,0.0,,,,53.145,,67.865,73.13,,63.0,,73.225,,182.45,,,,182.7,,168.4,,,2023,oWR,157878,51.9,51.9
97659,2023,WR,offense,Kris Mitchell,0.0,0.0,0.0,9412,3816.0,5576.0,0.0,13.0,0.0,,,,84.4,,63.620000000000005,75.115,,59.60000000000001,,75.24,,96.45,,,,99.85,,256.0,,,2023,oWR,97659,71.8,71.8
123616,2023,WR,offense,LaJohntay Wester,14.0,0.0,10.0,9590,2905.0,5833.0,0.0,90.0,0.0,60.0,,60.0,67.3157894736842,62.07142857142857,46.88947368421052,82.25263157894737,,70.36315789473683,,79.50526315789473,,65.47368421052632,,,,47.578947368421055,,865.2941176470588,,,2023,oWR,123616,63.4,63.4
125264,2023,WR,offense,Micah Davis,10.0,0.0,0.0,8625,2905.0,3978.0,0.0,0.0,16.0,60.0,,,86.09473684210526,60.0,54.01052631578948,74.87894736842105,,,60.4,73.98947368421052,,162.42105263157896,,,,139.89473684210526,,649.7647058823529,,,2023,oWR,125264,50.5,50.5
145887,2023,WR,offense,Miles Cross,0.0,0.0,0.0,8129,3474.0,4627.0,8.0,0.0,8.0,,,,85.75,,62.92,65.08500000000001,37.88421052631579,,60.4,65.43,,411.4,,,,402.95,,283.1,,,2023,oWR,145887,45.4,45.4
123858,2023,WR,offense,Robert Lewis,0.0,0.0,0.0,10048,5074.0,4632.0,0.0,0.0,0.0,,,,86.41052631578947,,61.58947368421053,74.93157894736842,,,,74.73684210526316,,146.52631578947367,,,,151.55555555555554,,357.42105263157896,,,2023,oWR,123858,54.2,54.2
145189,2023,WR,offense,Tony Johnson,0.0,0.0,0.0,8807,3062.0,5347.0,13.0,7.0,0.0,,,,85.56315789473685,,61.194736842105264,58.25789473684211,61.89999999999999,57.5,,58.978947368421046,,762.5263157894736,,,,701.2105263157895,,374.7894736842105,,,2023,oWR,145189,53.0,53.0
163133,2023,WR,offense,Trell Harris,0.0,0.0,0.0,6324,2898.0,3041.0,0.0,0.0,0.0,,,,63.642105263157895,,68.58421052631579,68.94736842105263,,,,69.46315789473684,,312.8421052631579,,,,309.6842105263158,,120.47368421052632,,,2023,oWR,163133,41.1,41.1
98743,2022,WR,offense,Bradley Rozner,0.0,0.0,0.0,8780,3488.0,5281.0,0.0,0.0,0.0,,,,62.50526315789473,,61.46315789473684,67.41578947368421,,,,67.12105263157895,,359.1578947368421,,,,320.3333333333333,,364.2631578947368,,,2022,oWR,98743,56.3,56.3
97276,2022,WR,offense,Corey Crooms Jr.,0.0,0.0,0.0,10681,4789.0,5697.0,0.0,26.0,0.0,,,,84.48947368421052,,61.86842105263158,74.25263157894737,,55.900000000000006,,73.56315789473685,,168.3684210526316,,,,156.3684210526316,,354.2105263157895,,,2022,oWR,97276,59.1,59.1
97665,2022,WR,offense,Dante Cephas,0.0,0.0,0.0,8145,4230.0,3883.0,0.0,32.0,0.0,,,,71.5421052631579,,67.28421052631579,81.5,,62.55555555555556,,81.14736842105263,,43.21052631578947,,,,44.8421052631579,,167.89473684210526,,,2022,oWR,97665,66.0,66.0
157480,2022,WR,offense,Darius Lassiter,0.0,0.0,0.0,6804,2737.0,3886.0,0.0,0.0,0.0,,,,38.77368421052632,,52.694736842105264,64.86842105263158,,,,63.48421052631579,,548.8888888888889,,,,456.5,,660.8235294117648,,,2022,oWR,157480,58.8,58.8
145773,2022,WR,offense,Devontez Walker,0.0,0.0,0.0,10126,5206.0,4860.0,0.0,41.0,0.0,,,,56.76315789473684,,53.915789473684214,71.83684210526316,,63.739999999999995,,69.98947368421052,,276.94736842105266,,,,218.94736842105263,,635.1578947368421,,,2022,oWR,145773,59.7,59.7
121734,2022,WR,offense,EJ Horton Jr.,0.0,0.0,0.0,4619,1133.0,1235.0,0.0,26.0,0.0,,,,79.2578947368421,,50.626315789473686,58.747368421052634,,59.6,,56.231578947368426,,822.1428571428571,,,,,,673.3333333333334,,,2022,oWR,121734,44.6,44.6
145575,2022,WR,offense,Elijah Spencer,0.0,0.0,0.0,10201,3287.0,6258.0,32.0,0.0,0.0,,,,76.015,,59.044999999999995,76.12,63.2,,,75.485,,94.25,,,,90.35,,492.4,33.666666666666664,,2022,oWR,145575,87.9,87.9
84401,2022,WR,offense,Isaiah Hamilton,0.0,0.0,0.0,1539,271.0,857.0,0.0,19.0,0.0,,,,76.22105263157896,,59.821052631578944,61.43684210526315,,63.4,,63.36842105263158,,,,,,,,,,,2022,oWR,84401,52.5,52.5
123583,2022,WR,offense,Jadon Thompson,0.0,0.0,0.0,6126,2429.0,3313.0,0.0,0.0,0.0,,,,84.29473684210525,,64.99473684210527,60.89473684210526,,,,61.852631578947374,,631.0,,,,640.3333333333334,,260.0,,,2022,oWR,123583,55.6,55.6
100894,2021,WR,offense,Jacob Cowing,0.0,0.0,0.0,8644,4059.0,4551.0,0.0,34.0,0.0,,,,84.97999999999999,,62.595000000000006,87.94,,74.62142857142858,,87.97999999999999,,12.65,,,,11.45,,249.0,,,2021,oWR,100894,85.0,85.0
61705,2021,WR,offense,Jadan Blue,0.0,0.0,0.0,6142,2135.0,3632.0,0.0,43.0,0.0,,,,84.57368421052632,,50.82105263157895,59.09473684210526,,55.07058823529411,,57.98421052631579,,769.3157894736842,,,,615.578947368421,,600.9090909090909,,,2021,oWR,61705,68.6,68.6
78085,2021,WR,offense,Jaylon Robinson,0.0,0.0,0.0,3925,1355.0,2507.0,0.0,0.0,0.0,,,,47.02631578947368,,73.10000000000001,75.40526315789474,,,,76.21052631578948,,136.88888888888889,,,,141.625,,35.6,,,2021,oWR,78085,75.3,75.3
145598,2021,WR,offense,Konata Mumpfield,0.0,0.0,0.0,9622,3173.0,6167.0,0.0,0.0,9.0,,,,77.30526315789473,,60.6578947368421,74.51578947368421,,,50.8,73.98947368421052,,174.89473684210526,,,,151.8421052631579,,324.05263157894734,,,2021,oWR,145598,79.4,79.4
122646,2021,WR,offense,Kyren Lacy,0.0,0.0,0.0,5341,2671.0,2670.0,0.0,0.0,0.0,,,,83.72105263157896,,64.48947368421052,64.95263157894736,,,,65.78947368421052,,435.7368421052632,,,,416.63157894736844,,234.22222222222223,,,2021,oWR,122646,70.4,70.4
61271,2021,WR,offense,Matt Landers,0.0,0.0,0.0,2519,878.0,1267.0,0.0,0.0,0.0,,,,80.06666666666666,,63.96666666666667,64.4,,,,64.76111111111112,,,,,,,,,,,2021,oWR,61271,79.1,79.1
123470,2021,WR,offense,Mitchell Tinsley,0.0,0.0,0.0,8879,2061.0,6652.0,0.0,0.0,0.0,,,,49.13157894736842,,48.24736842105263,73.77894736842104,,,,72.08421052631579,,227.66666666666666,,,,170.33333333333334,,645.9166666666666,,,2021,oWR,123470,87.8,87.8
144464,2021,WR,offense,Titus Mokiao-Atimalala,19.0,0.0,0.0,3873,868.0,1190.0,0.0,0.0,0.0,60.0,,,81.43157894736842,60.0,62.305263157894736,56.63157894736842,,,,57.51578947368421,,552.5,,,,395.0,,,,,2021,oWR,144464,67.6,67.6
97867,2020,WR,offense,Broc Thompson,0.0,0.0,0.0,2853,1528.0,1152.0,0.0,0.0,0.0,,,,81.875,,63.779999999999994,73.0,,,,73.53999999999999,,31.25,,,,,,42.0,,,2020,oWR,97867,51.5,51.5
41966,2020,WR,offense,Devaughn Cooper,0.0,0.0,0.0,3908,1483.0,2425.0,0.0,0.0,0.0,,,,31.340000000000003,,68.49,60.205,,,,60.545,,328.6111111111111,,,,354.7894736842105,,19.333333333333332,,,2020,oWR,41966,55.4,55.4
102929,2020,WR,offense,Kaylon Geiger,0.0,0.0,0.0,6654,1664.0,4512.0,0.0,44.0,0.0,,,,86.02777777777777,,41.30555555555556,65.84444444444445,,60.650000000000006,,64.12777777777778,,240.4375,,,,221.47058823529412,,,,,2020,oWR,102929,69.2,69.2
38411,2020,WR,offense,Melquise Stovall,0.0,0.0,0.0,2374,520.0,1337.0,34.0,44.0,18.0,,,,60.00769230769231,,56.79230769230769,62.91538461538461,17.96666666666667,65.625,84.62727272727273,64.82307692307693,,267.5,,,,327.14285714285717,,,,,2020,oWR,38411,66.7,66.7
97288,2020,WR,offense,Tahj Washington,0.0,0.0,0.0,8632,2458.0,4703.0,0.0,33.0,0.0,,,,49.005,,63.375,58.975,,62.44615384615384,,59.2,,281.1333333333333,,,,322.7857142857143,,113.33333333333333,,,2020,oWR,97288,72.9,72.9
97287,2020,WR,offense,Trevor Wilson,0.0,0.0,0.0,856,463.0,352.0,0.0,0.0,0.0,,,,0.0,,58.945454545454545,83.32727272727273,,,,79.7909090909091,,,,,,,,,,,2020,oWR,97287,73.9,73.9
174167,2024,WR,offense,Carlos Hernandez,0.0,0.0,0.0,3202,1297.0,1905.0,0.0,0.0,0.0,,,,83.97142857142856,,60.02142857142858,65.55,,,,65.72857142857143,,390.44444444444446,,,,392.625,,361.2857142857143,,,2024,iWR,174167,50.3,49.0
173349,2024,WR,offense,Amare Thomas,0.0,0.0,0.0,7796,2738.0,4993.0,0.0,50.0,0.0,,,,84.88,,55.504999999999995,64.625,,52.794736842105266,,63.605,,495.15,,,,428.35,,533.95,,,2024,iWR,173349,67.1,67.1
190753,2024,WR,offense,Joseph Williams,0.0,0.0,0.0,5893,2408.0,2985.0,0.0,11.0,0.0,,,,83.02000000000001,,66.735,64.5578947368421,,63.3,,65.58000000000001,,278.0769230769231,,,,242.8181818181818,,83.33333333333333,,,2024,iWR,190753,54.5,53.5
158022,2024,WR,offense,Reggie Virgil,0.0,0.0,0.0,7920,2565.0,5075.0,17.0,0.0,0.0,,,,76.26,,51.464999999999996,64.095,65.82222222222224,,,63.5,,479.0,,,,446.2,,638.25,,,2024,iWR,158022,61.3,60.9
173459,2024,WR,offense,Caleb Goodie,0.0,0.0,0.0,7494,3199.0,3223.0,0.0,72.0,0.0,,,,50.364999999999995,,60.089999999999996,60.720000000000006,,70.23684210526316,,61.79,,634.9444444444445,,,,639.0555555555555,,405.55555555555554,,,2024,iWR,173459,52.1,50.9
157048,2024,WR,offense,Omari Kelly,0.0,0.0,11.0,8401,2514.0,5303.0,17.0,23.0,0.0,,,60.0,85.14,62.4,63.42999999999999,70.675,61.0,58.5,,70.94,,213.65,,,,220.55,,241.65,,,2024,iWR,157048,64.1,64.0
144279,2024,WR,offense,Eric Rivers,0.0,0.0,0.0,8129,3341.0,4772.0,9.0,0.0,0.0,,,,83.89,,53.67999999999999,75.67999999999999,61.900000000000006,,,74.53999999999999,,173.75,,,,160.05,,641.2777777777778,,,2024,iWR,144279,74.3,75.0
97105,2024,WR,offense,Cam Ross,0.0,0.0,0.0,9390,3990.0,5017.0,0.0,59.0,0.0,,,,85.8,,60.19,57.17999999999999,,69.935,,59.27,,702.05,,,,728.3,,357.75,,,2024,iWR,97105,50.7,49.4
146913,2024,WR,offense,O'Mega Blake,0.0,0.0,0.0,5059,1485.0,3497.0,0.0,0.0,0.0,,,,22.009999999999998,,47.075,72.41499999999999,,,,70.03,,246.38888888888889,,,,207.52631578947367,,,,,2024,iWR,146913,68.0,68.1
174068,2024,WR,offense,Jacob De Jesus,15.0,0.0,9.0,6139,1964.0,2629.0,14.0,202.0,0.0,60.0,,60.0,82.245,61.440000000000005,63.335,78.535,70.0,68.41499999999999,,78.795,,72.38888888888889,,,,81.3125,,208.25,,,2024,iWR,174068,60.9,60.5
174143,2024,WR,offense,DT Sheffield,0.0,0.0,0.0,8469,2092.0,5202.0,0.0,32.0,0.0,,,,13.985000000000003,,37.765,76.22,,80.69999999999999,,73.47999999999999,,153.0,,,,106.3,,801.6315789473684,,,2024,iWR,174143,79.0,80.0
97321,2024,WR,offense,Ryan Davis,0.0,0.0,0.0,10086,4270.0,5480.0,10.0,0.0,0.0,,,,13.904761904761905,,61.94285714285714,69.16190476190476,54.1,,,67.60952380952381,,289.6190476190476,,,,235.52380952380952,,269.75,,,2024,iWR,97321,64.2,64.1
168441,2024,WR,offense,Kole Wilson,0.0,0.0,0.0,11531,4596.0,5535.0,0.0,13.0,0.0,,,,84.44500000000001,,62.625,59.82000000000001,,59.60000000000001,,60.42999999999999,,662.65,,,,632.9,,327.7,,,2024,iWR,168441,56.5,55.7
163139,2024,WR,offense,Chrishon McCray,0.0,0.0,0.0,7060,2617.0,4317.0,0.0,27.0,12.0,,,,84.71000000000001,,66.80499999999999,73.01,,63.95,50.1,73.36,,167.95,,,,182.35,,149.75,,,2024,iWR,163139,57.5,56.8
40691,2019,WR,offense,Keith Corbin,0.0,0.0,0.0,3205,1421.0,1644.0,0.0,0.0,0.0,,,,81.8578947368421,,45.589473684210525,69.85263157894737,,,,67.3842105263158,,242.8,,,,160.375,,515.7142857142857,,,2019,oWR,40691,50.0,50.0
78198,2019,WR,offense,Shane Hooks,0.0,0.0,0.0,5840,2958.0,2854.0,0.0,0.0,0.0,,,,11.668421052631578,,64.88421052631578,69.50526315789473,,,,68.02631578947368,,259.4736842105263,,,,207.33333333333334,,194.3684210526316,,,2019,oWR,78198,57.7,57.7
97399,2022,WR,offense,Jamari Thrash,0.0,0.0,0.0,11546,6140.0,5331.0,0.0,0.0,0.0,,,,42.194736842105264,,67.92631578947368,78.14736842105263,,,,77.34736842105262,,85.10526315789474,,,,80.52631578947368,,138.6315789473684,,,2022,oWR,97399,64.9,64.9
121811,2022,WR,offense,Jaylin Lane,3.0,0.0,0.0,9509,3061.0,5012.0,0.0,26.0,0.0,60.0,,,88.19999999999999,60.1,50.17777777777778,74.72222222222223,,61.07333333333334,,73.57222222222222,,180.05555555555554,,,,155.22222222222223,,734.6111111111111,,,2022,oWR,121811,67.0,67.0
144483,2022,WR,offense,Jimmy Horn Jr.,0.0,0.0,0.0,6745,2519.0,3275.0,0.0,124.0,0.0,,,,82.30526315789473,,56.98421052631579,69.32631578947368,,69.34210526315789,,70.10000000000001,,269.6666666666667,,,,284.05555555555554,,540.125,,,2022,oWR,144483,56.8,56.8
97061,2022,WR,offense,Josh Kelly,0.0,0.0,0.0,2897,865.0,2021.0,0.0,0.0,0.0,,,,20.915789473684214,,66.30526315789473,62.136842105263156,,,,62.33157894736842,,567.0,,,,538.5555555555555,,,,,2022,oWR,97061,55.7,55.7
128408,2022,WR,offense,Joshua Hardeman,0.0,0.0,0.0,8476,4426.0,3953.0,12.0,0.0,0.0,,,,85.465,,62.760000000000005,62.98,61.0,,,63.58,,495.1,,,,489.35,,301.35,,,2022,oWR,128408,56.0,56.0
147370,2022,WR,offense,Keelan Marion,0.0,0.0,0.0,826,422.0,364.0,0.0,0.0,0.0,,,,64.315,,67.935,72.47,,,,74.35,,,,,,,,4.0,,,2022,oWR,147370,32.6,32.6
128374,2022,WR,offense,Kyle Williams,0.0,0.0,0.0,6104,2230.0,3841.0,0.0,8.0,9.0,,,,84.37,,60.925,69.25500000000001,,63.1,75.8,69.465,,269.85,,,,273.75,,331.8235294117647,,,2022,oWR,128374,58.7,58.7
74267,2022,WR,offense,Melquan Stovall,0.0,0.0,0.0,3174,869.0,2143.0,0.0,0.0,0.0,,,,80.88421052631578,,31.942105263157895,61.86315789473684,,,,57.357894736842105,,745.5555555555555,,,,506.2,,714.0,,,2022,oWR,74267,38.7,38.7
101139,2022,WR,offense,Ryan O'Keefe,0.0,0.0,0.0,9649,3996.0,4691.0,24.0,239.0,30.0,,,,78.35263157894737,,67.28421052631579,64.73157894736842,64.5,76.83157894736841,51.637499999999996,68.15263157894738,,339.5263157894737,,,,443.89473684210526,,164.1578947368421,,5.0,2022,oWR,101139,67.3,67.3
123709,2022,WR,offense,Tez Johnson,0.0,0.0,0.0,4372,968.0,2941.0,0.0,61.0,18.0,,,,81.10000000000001,,55.04736842105264,84.72631578947369,,53.21052631578947,72.67999999999999,84.22105263157896,,4.214285714285714,,,,3.4,,,,,2022,oWR,123709,67.6,67.6
122676,2022,WR,offense,Tre Harris,0.0,0.0,0.0,8966,3301.0,5423.0,30.0,76.0,17.0,,,,84.75263157894737,,50.94736842105263,75.13684210526316,70.33333333333333,62.21052631578947,27.5,72.14736842105263,,229.10526315789474,,,,150.78947368421052,,707.1666666666666,6.0,,2022,oWR,122676,62.1,62.1
109628,2022,WR,offense,Tyrese Chambers,0.0,0.0,0.0,7217,2349.0,4462.0,0.0,10.0,0.0,,,,70.08421052631579,,52.27894736842105,69.09473684210526,,63.2,,68.47894736842105,,323.7894736842105,,,,290.57894736842104,,703.4705882352941,,,2022,oWR,109628,50.5,50.5
100273,2022,WR,offense,Tyrone Broden,0.0,0.0,0.0,6626,1757.0,4781.0,0.0,0.0,0.0,,,,73.0,,61.3421052631579,59.43684210526315,,,,59.72105263157895,,728.3333333333334,,,,669.0,,375.2142857142857,,,2022,oWR,100273,48.4,48.4
144234,2022,WR,offense,Will Pauling,0.0,0.0,0.0,1459,477.0,834.0,18.0,3.0,0.0,,,,28.40526315789474,,45.91052631578947,69.95263157894736,63.099999999999994,57.70000000000001,,67.2578947368421,,,,,,,,,24.0,,2022,oWR,144234,39.2,39.2
101130,2022,WR,offense,Xavier Weaver,0.0,0.0,0.0,6881,3203.0,3515.0,0.0,9.0,0.0,,,,85.43157894736842,,55.94736842105263,75.60526315789474,,59.5,,74.76315789473684,,134.6315789473684,,,,119.73684210526316,,530.3333333333334,,,2022,oWR,101130,57.6,57.6
97620,2022,WR,offense,Zakhari Franklin,0.0,0.0,0.0,11849,4692.0,7092.0,0.0,0.0,12.0,,,,77.14736842105263,,56.71052631578947,73.91052631578947,,,60.0,73.1263157894737,,174.52631578947367,,,,157.0,,526.9473684210526,,,2022,oWR,97620,70.8,70.8
98847,2021,WR,offense,Bub Means,0.0,0.0,0.0,6211,2236.0,3227.0,0.0,11.0,13.0,,,,68.32105263157894,,69.67894736842106,71.67368421052632,,57.5,60.39999999999999,72.17368421052632,,230.0,,,,229.94444444444446,,105.88888888888889,,,2021,oWR,98847,70.1,70.1
